User_id,Recency,Frequency,Monetary,R_rank,F_rank,M_rank,RFM_Score,Customer_Segment
AE242TR3GQ6TYC6W4SJ5UYYKBTYQ,388,1,999.0,174.5,668.5,602.0,1445.0,Medium
AE2E632GMYL5U2ESNXOX5UT5D34A,874,1,299.0,719.0,668.5,913.5,2301.0,VIP
AE2JTMRKTUOIVIZWS2WDGTMNTU4Q,469,2,4498.0,268.0,162.0,221.0,651.0,Low
AE2ODWBBOBD2SITDDIEJ644OSRFQ,606,2,358.0,417.0,162.0,864.0,1443.0,Medium
AE2PQX6JEE6UW7QB6SNEYP3TAXLQ,1131,1,1519.0,939.0,668.5,467.5,2075.0,High
AE2PYPC3OF2HEF4NCE63FBFFFOMQ,668,1,19999.0,502.5,668.5,57.0,1228.0,Low
AE2SWHFUXPXFJLITBNYV5YGTI5LQ,725,1,899.0,568.5,668.5,634.0,1871.0,High
AE2THTCCQLBIUSWPF4CPXC6GGP7Q,292,2,24598.0,75.0,162.0,42.0,279.0,Low
AE2VXY4CFO36MDSIMPG43XHNF4GA,649,3,14699.0,474.0,57.0,87.0,618.0,Low
AE2YKXGI2XFOVDHNL6FF2RQAZ55A,1094,1,2249.0,911.5,668.5,362.5,1942.5,High
AE37UHWDVGTD3RZUERS6DMZ73QIA,635,1,5890.0,458.5,668.5,197.0,1324.0,Medium
AE3CFONNMANNC5QPYIAXV67EUYUQ,531,2,2068.0,333.0,162.0,382.0,877.0,Low
AE3D5CJ2GDUP5SQ3AAYMVAGDTX7A,1005,3,12347.0,840.0,57.0,113.0,1010.0,Low
AE3EGIT22MVVMLV2BZBQAURWSF2Q,1269,1,293.0,1062.0,668.5,926.5,2657.0,VIP
AE3GIVX24R4R67DU2MXLX24XYCIQ,351,1,599.0,139.5,668.5,738.5,1546.5,Medium
AE3GY55N5USCMWLS2JIO7CZFS5FQ,1307,1,341.0,1086.0,668.5,886.0,2640.5,VIP
AE3MQNNHHLUHXURL5S7IAR7JTGNQ,1168,1,32999.0,978.0,668.5,22.0,1668.5,Medium
AE3O6366WGEQAANKJ76QETTUQQTQ,617,3,30597.0,431.0,57.0,30.0,518.0,Low
AE3Q6KSUK5P75D5HFYHCRAOLODSA,736,1,389.0,578.0,668.5,849.0,2095.5,High
AE43KS43Y6L62UBGG6K64AD5OISA,846,1,1989.0,689.0,668.5,400.0,1757.5,High
AE43YOKQNGCH4SSBHBYFXDSPX6YA,1106,1,246.0,919.0,668.5,965.0,2552.5,VIP
AE442FMTBZA5GS5MDBKIB76GQDXQ,516,1,1439.0,316.0,668.5,498.5,1483.0,Medium
AE47XF2766XJOEOI42DVP2HMB4YQ,968,1,1499.0,813.0,668.5,477.0,1958.5,High
AE4G376L73UNPWICYOSYO2KNXYJA,1037,1,99.0,863.0,668.5,1082.0,2613.5,VIP
AE4KODYP3MGRZS2JI6V7ZWVI5CHA,349,1,1709.0,136.0,668.5,437.0,1241.5,Medium
AE4VKQV43AJEZDWE4WVJWFDY6RVA,650,1,1324.0,475.0,668.5,526.0,1669.5,Medium
AE4W5ONOAXFJGV2L3AE72XWKSUKA,738,1,678.0,580.5,668.5,704.5,1953.5,High
AE4YGDAAZX7ZDDGP4BTONW72CMIA,1198,1,7499.0,999.5,668.5,165.5,1833.5,High
AE4YTBWL7JODU6DEWIW2PTUQ5XPQ,617,1,2999.0,431.0,668.5,288.0,1387.5,Medium
AE5333EQIF5YVB2LAEVCWPH2U5DQ,1284,1,259.0,1073.5,668.5,947.5,2689.5,VIP
AE53NI5ENHBJCJOCII2GH6FLUOUA,856,1,1799.0,701.5,668.5,424.5,1794.5,High
AE55KTFVNXYFD5FPYWP2OUPEYNPQ,440,5,8415.0,224.5,8.5,154.0,387.0,Low
AE55WJERHR4C7SEAIWX4JJHFSZBA,479,2,31498.0,280.0,162.0,25.0,467.0,Low
AE5KLF5JEOL4PMUGKERILYLPDSNA,440,1,2499.0,224.5,668.5,335.5,1228.5,Low
AE5S2QIJPXDUQT54XGJVGPQJOTSA,601,1,649.0,412.0,668.5,716.0,1796.5,High
AE5VS52EYPPGCA6BVWXK2NT6NFBA,441,1,9799.0,226.0,668.5,130.0,1024.5,Low
AE642RIGZIT2VPQJOLNUZ34QVWJQ,1148,1,399.0,952.5,668.5,831.5,2452.5,VIP
AE6T7WGZSJSYC6C44JF6AJLJDOCA,753,2,2635.0,596.5,162.0,320.0,1078.5,Low
AE6THY5M7QTHCQRZ6PIUENS3NY4A,1256,1,749.0,1051.5,668.5,680.0,2400.0,VIP
AE7BNHD6PZQQD7K3OKFEPFHTISSA,602,1,333.0,413.0,668.5,892.0,1973.5,High
AE7GD3VRRYQEAHDR7FXJIR23INYA,436,3,22761.0,221.5,57.0,47.0,325.5,Low
AE7GGDNBOHD2JQ2X5JPD666SAQOQ,486,1,349.0,286.5,668.5,877.0,1832.0,High
AE7O44O3ZCU6YCS56X4UBNSMN2DA,416,1,13990.0,193.5,668.5,97.0,959.0,Low
AE7OMK3IQJR2U2JZE2HQ4BKSPA6A,589,3,10488.0,397.0,57.0,124.0,578.0,Low
AE7QAFZ3XNWF3O4BK4WIGFB3JGIQ,630,1,399.0,447.0,668.5,831.5,1947.0,High
AE7VL5JTR7ZZ67UPBM6KP2NYEOYQ,265,1,199.0,42.5,668.5,1007.0,1718.0,Medium
AEA2HQHMFG3ZGJFOLLJQ65WKIZUQ,266,3,35497.0,45.0,57.0,16.0,118.0,Low
AEA4764BEJKLL5UEYQ75K6TRRD3A,821,1,4499.0,661.5,668.5,219.5,1549.5,Medium
AEA5X2W76STDCKVMFZ2WP7H7QFUA,324,1,199.0,102.0,668.5,1007.0,1777.5,High
AEA6472BE7C24EQJU3GKJNILU27A,406,1,120.0,188.5,668.5,1069.5,1926.5,High
AEACBJY3IOIQP26VSSYJH4IGFDXQ,359,1,1601.0,147.5,668.5,455.0,1271.0,Medium
AEAJEELFQNAUNC3VXCKYR6RQPCJQ,576,1,1199.0,381.0,668.5,558.0,1607.5,Medium
AEAKVP53B3LBTLJOVAQZUWEF6PYQ,1143,1,3249.0,947.0,668.5,269.0,1884.5,High
AEAMIR3CMSA32IDEINSJKHRNANTA,640,5,1392.0,467.0,8.5,515.0,990.5,Low
AEAOO4M764H7IQUU3CTHRMQBB4SQ,628,2,838.0,442.5,162.0,649.0,1253.5,Medium
AEATXOF4DX2VJQQBD2OLGA6WD2NA,1282,1,2199.0,1070.5,668.5,369.0,2108.0,High
AEB5LUPJLVMRBV2DQYWOLGIC2OXQ,634,1,2575.0,455.5,668.5,330.0,1454.0,Medium
AEBEUDL2VRUKJQ3R52K2SQR5JHJQ,519,1,4449.0,319.0,668.5,224.0,1211.5,Low
AEBHZQJ4R2TZ57GOCSTMIP53F4JQ,1148,1,2998.0,952.5,668.5,291.5,1912.5,High
AEBMIYML42WN2LWWZ4VIYP6IYPJA,1223,1,1399.0,1020.5,668.5,507.5,2196.5,VIP
AEBO7NWCNXKT4AESAN443HQH35FQ,1085,3,2249.0,901.5,57.0,362.5,1321.0,Medium
AEBWA5I4QFCA3P3OBEPMELBGN4GQ,256,5,14465.0,24.0,8.5,89.0,121.5,Low
AEC4ANXPPWN4RV5YG4JXEVPUXTHA,972,1,179.0,817.5,668.5,1032.5,2518.5,VIP
AEC5BUE7IZ7BJDWQBTHSZ5NTBMRA,761,1,6199.0,604.0,668.5,189.0,1461.5,Medium
AEC5PUIW4OSIDDQED7WLXG2S7TOQ,443,1,154.0,228.5,668.5,1046.5,1943.5,High
AECB6RAIS3NCSRCNMUWNZAQARNMA,546,1,1299.0,343.5,668.5,533.0,1545.0,Medium
AECCRE6ZTCPFGPVWDNY3IYYHCMOQ,446,2,13748.0,232.0,162.0,98.0,492.0,Low
AECGAMNNIMW5QOPOBXRYQAKMQGEA,334,1,18999.0,113.0,668.5,61.5,843.0,Low
AECJGIPE6J5ODC5P7L6WXI4XBNYQ,783,1,2799.0,632.0,668.5,303.0,1603.5,Medium
AECPFYFQVRUWC3KGNLJIOREFP5LQ,633,3,27747.0,452.5,57.0,37.0,546.5,Low
AECPQWPXGTZOXEYOPZXTZQ5ZG23Q,1228,1,5499.0,1025.0,668.5,204.5,1898.0,High
AECUDCUUNINQYLQOYTKNXGMYWIDQ,729,1,4995.0,571.5,668.5,213.0,1453.0,Medium
AECZ4IP3TBM4EUG52BZAOQV3EKIA,667,2,1168.0,501.0,162.0,570.0,1233.0,Medium
AED3V5KQXHYOPY3IL2CUQITIZFHQ,929,1,899.0,773.0,668.5,634.0,2075.5,High
AED54H4JXQGZT6GANH6PJN4SNU7Q,928,1,349.0,772.0,668.5,877.0,2317.5,VIP
AEDLLY6JXNCVYIW227SBCPVYHNUA,1266,2,3067.0,1059.5,162.0,284.0,1505.5,Medium
AEDLXBJM6UISEM4SXR6YUIY4KNCQ,1185,1,1999.0,991.5,668.5,390.0,2050.0,High
AEDMOT4JJAD7UCEFLEA76Y526CGQ,653,1,1969.0,479.5,668.5,402.0,1550.0,Medium
AEDPXMYWKEF2FFU4P7JUPNRVWU3A,304,1,999.0,84.5,668.5,602.0,1355.0,Medium
AEE6KWTJSN7EKGJ2TWFZCA6EGWJA,767,1,348.0,614.0,668.5,884.0,2166.5,VIP
AEEDBX6NJS6TW3AY6TG3DUN4TI5A,450,1,2089.0,235.5,668.5,379.0,1283.0,Medium
AEEETBDP73H6344UQ5FJSUBNR63A,945,1,250.0,792.5,668.5,951.0,2412.0,VIP
AEEFM3W6RGC2KDYG5B6N7VQXR4QA,1249,1,799.0,1042.5,668.5,659.0,2370.0,VIP
AEERA3TDMJGDMFA2NSPWSU5DUYNA,1223,1,2590.0,1020.5,668.5,329.0,2018.0,High
AEETOHX32FYDRI6SIAW7L76Q2NHQ,247,2,1398.0,14.0,162.0,513.5,689.5,Low
AEEV73PQDYYMSQSW46LQMZ526YVQ,853,1,1999.0,698.0,668.5,390.0,1756.5,High
AEEXKG5AG3K2ZV5EDWTS44RP245Q,849,1,449.0,693.5,668.5,809.5,2171.5,VIP
AEF55HUCR2L3DMBXVV4SGD55JKIQ,541,2,3888.0,340.5,162.0,237.0,739.5,Low
AEFANDDI6JRPXAGKHLQH2TV6A53A,1158,1,1099.0,965.5,668.5,580.0,2214.0,VIP
AEFJJHEDW3VJRIQANBUZTZNYCOPQ,368,1,2899.0,160.0,668.5,297.5,1126.0,Low
AEFXOSV5LSFQVAI3FYKVECIQ2YKA,508,1,1199.0,309.0,668.5,558.0,1535.5,Medium
AEG5JOZOUBWEAZOGQQR6YDVPTL6A,1014,1,89.0,847.0,668.5,1091.0,2606.5,VIP
AEGCEHUVRPOYDRJHI4UJVB2XY6FA,655,1,949.0,483.5,668.5,621.5,1773.5,High
AEGCMA54O4ML7L2XAVP4BCKXBHLQ,504,1,2790.0,302.0,668.5,306.0,1276.5,Medium
AEGLHOQOWUUUQEDV6EWXTSHIUE7A,784,1,449.0,633.5,668.5,809.5,2111.5,High
AEGPWBXEAWPF6XRT7EZJOYJQA6DQ,1197,3,1937.0,998.0,57.0,403.5,1458.5,Medium
AEGR6ZYWXPEZWM7JUEBWQHAOPS2A,244,2,549.0,12.0,162.0,761.5,935.5,Low
AEGT7WPGXXMSH5J3LZLL6CPJ7QMQ,420,2,2148.0,201.5,162.0,375.0,738.5,Low
AEGXNM3XGAHJGUJ7MIFPE7QFMJHA,1249,1,31999.0,1042.5,668.5,24.0,1735.0,Medium
AEGZCGGDNS4ZRNPG3CDULRVB5Z5A,622,1,134.0,439.0,668.5,1063.0,2170.5,VIP
AEGZSNGSJJAEMJ3RRNVZTKUILOHA,520,2,2464.0,321.5,162.0,341.5,825.0,Low
AEH3MURR76DG3TEX3NXIJVJTKBLA,557,1,1484.0,357.0,668.5,488.0,1513.5,Medium
AEH3VHBR2ECN647RYG3VNMASKBWA,1007,1,1235.0,842.0,668.5,548.0,2058.5,High
AEH463ZLT7U67XS3DWK2Y27GLVWQ,360,1,1799.0,149.0,668.5,424.5,1242.0,Medium
AEH6JRDO3GFF5AKVH7SZUP2UPNZA,607,1,449.0,419.0,668.5,809.5,1897.0,High
AEHBE4U3HD6G2TMSHKE7TNZYOWCA,1097,1,416.0,914.0,668.5,821.0,2403.5,VIP
AEHF7TORHRTMJOSTX2KYEILWRDEQ,272,1,1043.0,53.0,668.5,594.0,1315.5,Medium
AEHFMY2XIP7P3MZV6KHQVLCFKWBQ,687,1,1665.0,522.5,668.5,447.0,1638.0,Medium
AEHIRIOGHJKVTFYHFZVQ322CMZMA,471,1,499.0,270.0,668.5,783.5,1722.0,Medium
AEHKKIS4WKMVCADF6Y3HMR5IRM7Q,463,1,1199.0,258.0,668.5,558.0,1484.5,Medium
AEHQERYQKTKY5OMTF5KOWEIVCSQA,1256,1,2499.0,1051.5,668.5,335.5,2055.5,High
AEHQQTEDMSXRGSBDDEIH3JF4AOMQ,877,1,8999.0,721.5,668.5,141.0,1531.0,Medium
AEHQYGI5L4FFALBMC5XMT5KXSZCA,758,1,299.0,601.5,668.5,913.5,2183.5,VIP
AEHU6ETDR7HVQOGLKITDETHZEO7A,729,1,229.0,571.5,668.5,976.5,2216.5,VIP
AEHVZHMJQYG456XUPYSWK7PWAJAA,288,1,16499.0,68.5,668.5,71.5,808.5,Low
AEI36WUCG27UYFAGDF7HX74VEGIA,288,1,599.0,68.5,668.5,738.5,1475.5,Medium
AEI5OOS434KUVK3SPKYEZMBJUB5A,956,1,263.0,806.5,668.5,945.0,2420.0,VIP
AEI7HJU4RFV6NR5WSRDQV5ZSRYSA,326,1,176.63,104.0,668.5,1037.5,1810.0,High
AEIDO6I6DOUJAKJX6VR6C2PC6ETQ,775,2,3186.0,623.0,162.0,279.0,1064.0,Low
AEIFMHDK4ETHLYWSV6TUFNSJU4MQ,1194,1,575.0,996.5,668.5,753.0,2418.0,VIP
AEII2B5GAPQWGZCTI2PIMOEFJMRA,603,1,1695.0,414.0,668.5,443.0,1525.5,Medium
AEIMBDWSM42YEDEE6476WUXFZJHQ,1253,1,599.0,1046.5,668.5,738.5,2453.5,VIP
AEITVIFC7WZAEQDIVWPB4KUGKLRQ,740,1,970.0,584.0,668.5,616.0,1868.5,High
AEJG6XAZFMVQ7NRKCXG3ZCC3DIVA,1258,1,799.0,1053.5,668.5,659.0,2381.0,VIP
AEJGEJAGW7MDJMBVY7KB7KBKIYYQ,662,1,375.0,496.0,668.5,858.0,2022.5,High
AEJNUCP6WR35MUUPR3D4P23EDVQQ,860,1,355.0,706.0,668.5,865.0,2239.5,VIP
AEJU4L3ZM2GTILSJZZSNSF6VUOIA,1253,2,1378.0,1046.5,162.0,517.5,1726.0,Medium
AEJWYKZND5DTQQYR26RKWY5FWTOQ,629,1,26999.0,444.0,668.5,39.0,1151.5,Low
AEJXPNJR72TG3IKARG3ZCXGKY3UA,1302,1,1649.0,1083.5,668.5,450.5,2202.5,VIP
AEK7TJPOW2SWCHCQOA7OEGXDZPCA,660,1,349.0,493.0,668.5,877.0,2038.5,High
AEKCUG7WMX6KMP6VFBWI3ICW5CBQ,280,2,1828.0,60.5,162.0,414.0,636.5,Low
AEKJRELVNMICYPOYTKMVF52YX2WQ,546,2,773.0,343.5,162.0,674.0,1179.5,Low
AEKKXMW4QXQMXXIHMC3AM533RJIA,802,1,1099.0,646.0,668.5,580.0,1894.5,High
AEKMVX2VDNNX4ZFXI67SGKMJGZAQ,934,1,154.0,775.0,668.5,1046.5,2490.0,VIP
AEKWBYGLEXUNRAJKVPO6HMF52W7A,657,1,329.0,487.5,668.5,895.0,2051.0,High
AEL5WI53X4OUCZBTBH5Z7SNT63YA,271,1,1499.0,51.0,668.5,477.0,1196.5,Low
AEL77P6YFP7P7EZVBDU63TUTGKMQ,652,1,1321.0,477.5,668.5,527.0,1673.0,Medium
AELBEUEZY4ZDRRUYDKANK4BUZOHQ,339,1,1889.0,121.0,668.5,408.5,1198.0,Low
AELBYFRFAGLMXQQJKVDUWO7QX2VQ,782,1,22999.0,629.5,668.5,45.0,1343.0,Medium
AELIUKITTHS3MSGTSB3B3YCAUMQQ,304,1,245.0,84.5,668.5,966.0,1719.0,Medium
AELKHQXVSSG6NHXLFJLLNEFRQQUQ,782,2,6638.0,629.5,162.0,179.0,970.5,Low
AELM6ILLTWBSXJXOKMNA2GM3DTKQ,1052,1,522.0,882.0,668.5,769.0,2319.5,VIP
AELNBR4H6235Y7NVYNCGNABDIDFQ,318,2,2348.0,98.0,162.0,351.5,611.5,Low
AELNHGVCLQTWAEFDH244JJZZSVAQ,1163,1,349.0,973.0,668.5,877.0,2518.5,VIP
AELO5I776X3QUOQZ7AEEFC565CYA,765,1,1400.0,608.0,668.5,502.0,1778.5,High
AELSOXQRZBOFSSY4HJUR4Y7ASQBA,268,2,1248.0,47.0,162.0,546.0,755.0,Low
AELX4DI77ZHURZTDLYFU7XMP7R6Q,1128,2,2448.0,934.5,162.0,344.0,1440.5,Medium
AEM2Y22BKLFYL5BK7SC56Q75ODOQ,467,1,9490.0,263.5,668.5,136.0,1068.0,Low
AEM356PVXFHAXWV56KDO75FS5WPA,681,1,1898.0,512.0,668.5,406.0,1586.5,Medium
AEMGDIDXCHHDMTAJHRNXBUWISFQQ,852,1,7998.0,696.0,668.5,159.0,1523.5,Medium
AEMJJHRL3DAOOLBWHIDSFW56MJWQ,880,1,249.0,725.5,668.5,957.5,2351.5,VIP
AEMJJNJTRB4DQ2EMQQRJ6N2SC2XA,940,1,1099.0,788.0,668.5,580.0,2036.5,High
AEMQ4TSBHCLS2GHF4C4K3CHKM6QA,1266,1,749.0,1059.5,668.5,680.0,2408.0,VIP
AEMQUDDYUEXPRJ2C64I33YVVSQXA,1295,1,4499.0,1079.0,668.5,219.5,1967.0,High
AEN7NV2P5WNHM7EXCWWWES43N3PQ,1080,1,215.0,896.5,668.5,987.0,2552.0,VIP
AENDL564LHLXLMAUI3U3D6KV5R5A,1036,1,1699.0,861.5,668.5,440.0,1970.0,High
AENFRNJLSQPJICHCPKWOMUBY6RZQ,1289,1,252.0,1077.0,668.5,949.0,2694.5,VIP
AENGU523SXMOS7JPDTW52PNNVWGQ,367,5,8476.0,159.0,8.5,153.0,320.5,Low
AENIRZYQ7D6LIUFYMTCNZ3E7ITMA,340,1,3569.0,123.0,668.5,252.0,1043.5,Low
AENNAVVG4GBJKDQKJXQUEKQKTXGQ,486,1,475.0,286.5,668.5,800.5,1755.5,High
AENQPV63OVBZHJ7L7V37M2ADFY7Q,1308,1,14999.0,1087.0,668.5,86.0,1841.5,High
AENTXYVP4NNTWTHTYFRTOOY2MEAA,685,1,1399.0,518.5,668.5,507.5,1694.5,Medium
AENYOOBQJZGYT4GNQRR3YEKI7KAQ,332,1,2199.0,110.5,668.5,369.0,1148.0,Low
AEO5FHWNOSFBT554DKQAG4ICBGFQ,1293,1,12499.0,1078.0,668.5,112.0,1858.5,High
AEO5NTPVZBDP7EHO2NOJ3Q6QPN3A,279,1,209.0,59.0,668.5,991.5,1719.0,Medium
AEOFYPCJJQYCKISUR6EC66IZH23Q,431,1,13999.0,213.5,668.5,93.5,975.5,Low
AEOIHOJD3O5MYSVWZOBDUJGYWZGQ,657,1,1055.0,487.5,668.5,591.0,1747.0,High
AEOKB3ECJUM6UQOBFKMEMQVVHL4A,431,3,901.0,213.5,57.0,628.0,898.5,Low
AEOKQXQO42VI27RS7S6H6RDJTJWQ,886,1,799.0,735.5,668.5,659.0,2063.0,High
AEOKRUZ72RVUNHVMWHU5SFP2NXKA,877,1,649.0,721.5,668.5,716.0,2106.0,High
AEOM4KLP4SKKVSOCAMP7ORLGPGUA,1194,1,1149.0,996.5,668.5,572.0,2237.0,VIP
AEOVR6JEQTAC77BXE5AJMWJGG5PA,243,2,7179.0,10.0,162.0,172.0,344.0,Low
AEP4CW3UI7AJ7XM7PAAKVCB6U3ZA,656,1,99.0,486.0,668.5,1082.0,2236.5,VIP
AEP4MK3EKOBDKTGPJTRN5RBDIODA,658,3,857.0,489.5,57.0,643.0,1189.5,Low
AEP5UMK4KDMGZGBHBLZDB2R37OMA,411,1,325.0,191.0,668.5,898.0,1757.5,High
AEP6PYK2DLTD5UCMURSUNUE4IE5A,462,2,17368.0,256.5,162.0,66.0,484.5,Low
AEPLOFVKFHPQH4DFHKQXGKWL24NQ,1283,1,1563.0,1072.0,668.5,464.0,2204.5,VIP
AEPML5IRZNUCCZNZDPAXESOPY6OA,809,1,199.0,653.0,668.5,1007.0,2328.5,VIP
AEPQHZHEBKKLM6Q7IKBZNILWVCBA,1225,1,1599.0,1023.0,668.5,459.5,2151.0,VIP
AEPSWFPNECKO34PUC7I56ITGXR6Q,388,3,12950.0,174.5,57.0,108.0,339.5,Low
AEQ2YMXSZWEOHK2EHTNLOS56YTZQ,436,3,22356.0,221.5,57.0,48.0,326.5,Low
AEQ5OVCZQLS52SKPGHUA2X3GJIYQ,1135,1,199.0,942.5,668.5,1007.0,2618.0,VIP
AEQ5ZXLEZFYS2Q7GBBW6IDJTH5GQ,510,1,199.0,311.5,668.5,1007.0,1987.0,High
AEQH7UPNWWVMWQAZ2TKCXLZNLVLA,922,1,100.0,767.5,668.5,1077.5,2513.5,VIP
AEQHHPCXUH4O5BS4VOQNDBTAAORQ,937,1,5499.0,783.5,668.5,204.5,1656.5,Medium
AEQIJCPWSBCDKUO5VROXXHWX3PPA,718,3,1867.0,555.0,57.0,410.0,1022.0,Low
AEQJHCVTNINBS4FKTBGQRQTGTE5Q,393,5,8242.630000000001,180.0,8.5,158.0,346.5,Low
AEQWGO62V6K2GSMRMFGRW35NBTQA,1057,1,2199.0,884.0,668.5,369.0,1921.5,High
AEQWP6WIVLFP2L3MSAWW3RENW3XQ,574,1,349.0,377.0,668.5,877.0,1922.5,High
AEQWVGESA7TDGK7KZ4DAJQGYH32A,798,1,4699.0,644.5,668.5,217.0,1530.0,Medium
AER5ZGIXXVYG3AWZTRZT7M2BYCEA,1162,1,1199.0,972.0,668.5,558.0,2198.5,VIP
AER7Q5G4K2TF5X74DYBJCEEQ3VZQ,750,1,2742.0,590.5,668.5,310.0,1569.0,Medium
AERBQW23ELEQZRWXWOW5EFQ2AA7Q,336,2,2998.0,116.0,162.0,291.5,569.5,Low
AERD56GM7L442X34ICEOKG44MK2A,332,1,1990.0,110.5,668.5,398.0,1177.0,Low
AEREO7C5GLYYYV6YXK7X4UCCQTJQ,1155,1,3249.0,960.0,668.5,269.0,1897.5,High
AERFCJ6BOMVO5YW5XM5Z2ESOIK3A,339,4,2406.0,121.0,20.5,347.0,488.5,Low
AERIT7L44J4U5ZOSUK2JOSJF67PQ,721,1,219.0,562.0,668.5,983.5,2214.0,VIP
AERP2HDU5NDVDVWH2VDXZY3ITHRQ,664,1,299.0,499.0,668.5,913.5,2081.0,High
AERQBL3BISJQVHO3RLOOA4HKZX5A,659,3,2797.0,491.5,57.0,305.0,853.5,Low
AERVECDPABKJA75A3HLMML7JAQMQ,1160,1,39.0,969.0,668.5,1101.5,2739.0,VIP
AERVJSFWEB7B63J46ZBDVGL4HEPA,889,1,596.0,737.0,668.5,749.0,2154.5,VIP
AESE26BMILSD6E4AVO3YM76G4UPA,549,1,369.0,348.5,668.5,860.0,1877.0,High
AESFLDV2PT363T2AQLWQOWZ4N3OA,1127,1,249.0,932.5,668.5,957.5,2558.5,VIP
AESJE2EZD7S7WOYBN7RE7ZF3J2MA,568,2,5789.0,370.0,162.0,199.0,731.0,Low
AETM4APJU6TQILR5HKP3CSPYQL5A,971,1,229.0,816.0,668.5,976.5,2461.0,VIP
AETPKXNOTUEX5GH7WL7XQHDR5M7Q,478,4,5894.0,279.0,20.5,196.0,495.5,Low
AETRIARSUFSMNG5LFJZMW6CBJMMQ,1152,1,1799.0,956.0,668.5,424.5,2049.0,High
AETRLRK4QNNUXN3RRQ7BWMBAFXCA,1246,1,561.0,1037.5,668.5,757.0,2463.0,VIP
AEU4DZ5TUTNBTJHIYUDYHWXTSNSQ,778,1,425.0,626.0,668.5,817.5,2112.0,High
AEU5DHNTPNICV4DYIEYANIV36C4Q,1028,1,1599.0,854.0,668.5,459.5,1982.0,High
AEUAAKEA5FFOZ66HNIUQI3OJQDQA,883,1,999.0,732.0,668.5,602.0,2002.5,High
AEUDATTJUCKFQ5ETVLUU57ZZ3XXQ,575,2,1515.0,379.5,162.0,469.0,1010.5,Low
AEUPILALWUFFD34CNWRYX4PFQKSA,994,1,100.0,835.5,668.5,1077.5,2581.5,VIP
AEUVWXYP5LT7PZLLZENEO2NODPBQ,290,1,13490.0,73.0,668.5,100.0,841.5,Low
AEUWKSX5ZL7DWOOYVDOWJKBHOVXA,281,1,399.0,62.0,668.5,831.5,1562.0,Medium
AEV2GXFIZ3KD7EEKOE5URJQD6IFQ,1157,1,1599.0,964.0,668.5,459.5,2092.0,High
AEVBWSNHEFMTADA24TBEUGDGLZMQ,1159,1,79.0,967.5,668.5,1093.0,2729.0,VIP
AEVI32AU5HIKNCR3VPGFHSFDOL2Q,1132,1,499.0,940.0,668.5,783.5,2392.0,VIP
AEVJIJSEUXPBRKOQ2PB4JNBUTFRA,369,2,1469.0,161.5,162.0,490.0,813.5,Low
AEVQ23BWUEEHRN4SPRKHA57N6SOQ,365,1,1999.0,157.5,668.5,390.0,1216.0,Low
AEVV7FGCQH4N4HDNGHICKQHTMMRA,721,1,1499.0,562.0,668.5,477.0,1707.5,Medium
AEVVZCUP5D2P4FWGD3AOPDGJJY4A,1092,1,199.0,908.5,668.5,1007.0,2584.0,VIP
AEVYQ5XCKNYAC4L27BDFVMWT6TCQ,253,1,3711.0,20.0,668.5,242.0,930.5,Low
AEW6K4E5A4RUWRFFUDINQE5WWBSQ,1041,1,29990.0,868.0,668.5,32.5,1569.0,Medium
AEW6KBDGJEWIOQKAW3FP74GMV6TA,491,2,598.0,293.5,162.0,747.0,1202.5,Low
AEWA5TH6PMRZXMFY5MHCIU2MNFHA,1108,2,1274.0,920.0,162.0,542.0,1624.0,Medium
AEWAZDZZJLQUYVOVGBEUKSLXHQ5A,498,3,12847.0,296.5,57.0,110.0,463.5,Low
AEWMPOUFVOFZ3WMJGHLOYQ7VGUJQ,861,1,269.0,707.5,668.5,940.5,2316.5,VIP
AEWNTX64SO54FM25O5FQFFWXIM4Q,1191,1,1899.0,995.0,668.5,405.0,2068.5,High
AEWP2ARX3R62X4MJMBO4JOPOMU7A,557,1,2976.0,357.0,668.5,294.0,1319.5,Medium
AEWPCJ6MCXV32JXQHYGODOOEIJNA,621,1,379.0,438.0,668.5,854.5,1961.0,High
AEWU6OTDLIVY6F2UAY2UYYQSGOPQ,1139,1,449.0,945.0,668.5,809.5,2423.0,VIP
AEWYTXQFQRBUHADGAXC4CPPNDBYQ,1161,1,949.0,970.5,668.5,621.5,2260.5,VIP
AEWZZXQWEU2QSVBCT7AJQ3FXMZWA,458,1,61999.0,250.5,668.5,3.0,922.0,Low
AEX422U2J6S45PAKDJIFJB7WNVLQ,857,1,1999.0,703.0,668.5,390.0,1761.5,High
AEXAFY7V2ZRZI2GD2J6KDOWBZUBQ,684,1,8499.0,516.0,668.5,150.0,1334.5,Medium
AEXCDW6DBTQ42FQZZ5O4MUVOCWZQ,1296,1,390.0,1080.5,668.5,847.0,2596.0,VIP
AEXCQM3FDLX3YL3UJWWUIAIUJT4A,615,1,299.0,429.0,668.5,913.5,2011.0,High
AEXFWMXY2NPLRI3QKEROSZZJWUAA,737,1,499.0,579.0,668.5,783.5,2031.0,High
AEXIFRBO4546MRMJHYKE2AH26VCQ,534,1,999.0,336.0,668.5,602.0,1606.5,Medium
AEXK37TSBFHSP2TYE63YPKETWQ7Q,739,1,119.0,582.5,668.5,1072.0,2323.0,VIP
AEXK3LPRGQWVMCIQZGHHJUBHHAZA,1187,1,3487.77,993.0,668.5,258.0,1919.5,High
AEXRM3SMHD5HJC5BMNDNQSEMGLYA,632,1,1295.0,450.5,668.5,539.5,1658.5,Medium
AEXRU5ZQWDY2IGNVAFOF4UJQ6JQQ,580,1,1199.0,388.0,668.5,558.0,1614.5,Medium
AEXWFIXSKJG3JJO56XGKHSMF3VAQ,1156,1,8499.0,962.5,668.5,150.0,1781.0,High
AEXZDEFVFQ3LW6DKHRGXLPWF63DQ,878,1,199.0,723.0,668.5,1007.0,2398.5,VIP
AEYA6LQE25O2P6C7XV62XM3YV2EQ,305,3,2697.0,86.0,57.0,316.0,459.0,Low
AEYD5HVYAJ23CR6PTWOOIKUOIDHA,923,1,1499.0,770.0,668.5,477.0,1915.5,High
AEYHTCWWZYU3JQBU6SLNFFT3OMVQ,767,1,299.0,614.0,668.5,913.5,2196.0,VIP
AEYIYXI67FZ3H57OBTA2BGZBGTHQ,1254,1,799.0,1048.5,668.5,659.0,2376.0,VIP
AEYJ5I6JZZPOJB6MGWRQOHRQLPSQ,707,3,3546.0,540.5,57.0,253.0,850.5,Low
AEYPXWWAKKOQEX2Z6HKEVFCYZ4EA,663,1,299.0,498.0,668.5,913.5,2080.0,High
AEYTPTAYCRD42I77UZFV7KVD4GGA,1229,1,3041.67,1026.0,668.5,285.0,1979.5,High
AEZ346GX3HJ4O4XNRPHCNHXQURMQ,341,3,797.0,124.5,57.0,670.0,851.5,Low
AEZ3OTGG6TXB5HGKYC3OIELYECPA,881,2,2105.0,729.0,162.0,378.0,1269.0,Medium
AEZCPNPTW4BIFN7P2QFA3ML4ZKUQ,559,1,1349.0,361.5,668.5,521.0,1551.0,Medium
AEZDBVRL3E3S2Q2C7LEY3TTQVVFA,686,1,1199.0,521.0,668.5,558.0,1747.5,High
AEZTUFS2XNNKJ5ZCNRLE5JWWI4PQ,1113,1,219.0,925.0,668.5,983.5,2577.0,VIP
AEZWHWXROPZON2GRB234DUWXQTHQ,507,1,1449.0,307.5,668.5,493.5,1469.5,Medium
AF23GXF525XSMXPJBEHP4SPKOZNQ,1075,2,35298.0,894.5,162.0,17.0,1073.5,Low
AF2544C4RGIBQX7Y4JMKMSMXMRRQ,951,2,14598.0,798.5,162.0,88.0,1048.5,Low
AF2EHSXFZWWS2YEN22DV2ZCJDZZA,1142,2,1093.0,946.0,162.0,586.0,1694.0,Medium
AF2IITAFGAYGRB5HXE2INA4YXL5Q,1155,1,299.0,960.0,668.5,913.5,2542.0,VIP
AF2IRSQZKMBGX44YDNUPYRHWXOZQ,643,2,8252.0,470.5,162.0,157.0,789.5,Low
AF2JRH2ISLR6MYBFP37T3NWBIMHQ,317,1,325.0,97.0,668.5,898.0,1663.5,Medium
AF2L4MCRCIDOOREQJN7QPQ4QBZCA,1070,1,1299.0,892.5,668.5,533.0,2094.0,High
AF2V6W7LKARBMZQLFL44AY6KYOCA,719,1,3190.0,558.0,668.5,278.0,1504.5,Medium
AF2XIRDLVIWFTUBDJMEWJOLB76OA,256,1,399.0,24.0,668.5,831.5,1524.0,Medium
AF2XXVO7JUBUVAOBTJ3MNH4DGUFQ,559,1,15990.0,361.5,668.5,77.0,1107.0,Low
AF2ZFMLJS4UBCGZO4FMJTEPP6MHA,522,1,149.0,325.0,668.5,1053.5,2047.0,High
AF34O4J6KAXDARBDMH2WQ3K6RVNA,289,1,1999.0,71.0,668.5,390.0,1129.5,Low
AF355FTXYAKFH5NYPRTE7SL3WO3Q,587,5,13156.0,395.0,8.5,102.0,505.5,Low
AF35OXRSRJ335IGMNW5FYCJDLHOA,586,2,2369.0,393.5,162.0,350.0,905.5,Low
AF36YUJUEUU3SA42PFAULM2F5RYA,356,1,489.0,146.0,668.5,796.0,1610.5,Medium
AF36ZMROXP35IOQKSQ6BK4FEPNAQ,252,1,6990.0,18.5,668.5,175.0,862.0,Low
AF37X7ZH7JPA6H5Q64NV6QFIBCYA,851,1,499.0,695.0,668.5,783.5,2147.0,VIP
AF3D6X5NQWOBOEVVH2Y37N55AKZQ,948,1,399.0,796.0,668.5,831.5,2296.0,VIP
AF3GETWWBGMLASY2KKNNBS2VO6DQ,1181,1,449.0,986.5,668.5,809.5,2464.5,VIP
AF3IXM2LI57OSMIOBF55GYWRIYKA,718,1,380.0,555.0,668.5,852.0,2075.5,High
AF3JF6J5KVUCB7KOGLU6Z3OE4O6A,1284,1,3599.0,1073.5,668.5,249.5,1991.5,High
AF3USN76IP5JHXKWGCXZ4JL5FWTQ,902,1,475.0,746.0,668.5,800.5,2215.0,VIP
AF42EMTPEJAL4LNEPPX77TN77UHA,549,2,2908.0,348.5,162.0,295.0,805.5,Low
AF43XSTGWBWDM3ZV7RRKWMAHPVCQ,1041,1,199.0,868.0,668.5,1007.0,2543.5,VIP
AF477BP57JM7Z4JD4PYB2K33R6AQ,376,2,6918.0,165.0,162.0,176.0,503.0,Low
AF4BWMWZI7TTQY2YTE2HTHRB3NHQ,476,1,699.0,277.0,668.5,695.0,1640.5,Medium
AF4GBAADHEMI3ZLPBAIZWYWN7GJA,331,1,96.0,108.5,668.5,1086.0,1863.0,High
AF4QXCB32VC2DVE7O3DGFNQVFFNQ,593,2,559.0,401.5,162.0,758.0,1321.5,Medium
AF4TCPZK5Q3JFGYV4MBARJLS54PQ,618,1,2499.0,433.5,668.5,335.5,1437.5,Medium
AF4X3QT4KW3DV2HUMQVSOJDISOOQ,1200,1,369.0,1002.0,668.5,860.0,2530.5,VIP
AF57UETI4YHWNPSAOF2OVMNVV2JQ,773,1,59.0,620.0,668.5,1097.5,2386.0,VIP
AF5BU6DZ446HN4DTCO7W7AWXBJBA,418,3,3997.0,196.5,57.0,234.5,488.0,Low
AF5CIA2LXA75JJFRVWLKGOLKZIHQ,1315,1,535.0,1090.0,668.5,768.0,2526.5,VIP
AF5EHUH4GWB7JZ3PZ53Z2DOYK5WQ,574,1,59.0,377.0,668.5,1097.5,2143.0,VIP
AF5ILQY4KFDTO5XHHBJ42W5DXCZQ,350,4,3511.81,137.5,20.5,254.0,412.0,Low
AF5JWNCDVWTXOFCICR6IYNOEQENQ,1065,1,598.0,889.0,668.5,747.0,2304.5,VIP
AF5KJPHP55XSZUUXSC5OJUBJ5RVA,453,1,199.0,239.5,668.5,1007.0,1915.0,High
AF5PAF6QWH67HHLGCH6LBYQJPPUQ,1085,1,199.0,901.5,668.5,1007.0,2577.0,VIP
AF5TLUDL3JKYZS74QEAMDMPXC3ZQ,992,1,8999.0,834.0,668.5,141.0,1643.5,Medium
AF5XVR5OXJ67BJZGIOYFMQDQIGGQ,528,1,948.0,331.0,668.5,624.0,1623.5,Medium
AF62LB4BMTMNZXCHTSXSEKCXZFLQ,306,1,1199.0,87.5,668.5,558.0,1314.0,Medium
AF64ON4HPPVD43H6PK3CHPTTYSSQ,685,2,15548.0,518.5,162.0,79.0,759.5,Low
AF652OHBGHAEER2HLOH45T6E65CQ,353,1,13999.0,143.5,668.5,93.5,905.5,Low
AF6HB6GYUYNZ4G4FDTQIGQK76WSQ,1035,1,949.0,859.0,668.5,621.5,2149.0,VIP
AF6LAYTAGSTBKL2QUF3WFB6OMCPQ,512,1,150.0,313.0,668.5,1049.5,2031.0,High
AF6N6OWYE2EZASDJCO4BOQD7AFIA,1220,1,1199.0,1016.5,668.5,558.0,2243.0,VIP
AF6R7AMFHIWTMNFF6WPGFDOF7Z5A,589,1,499.0,397.0,668.5,783.5,1849.0,High
AF6SKHWKK53BMAI6UVJA5FJMLK3A,280,1,299.0,60.5,668.5,913.5,1642.5,Medium
AF6SQCFVW3FHWWPMLKQXFO5N2SJQ,464,1,354.0,260.0,668.5,866.0,1794.5,High
AF6UDET5A7UZVF6X6PLTCNPAG2JA,333,1,299.0,112.0,668.5,913.5,1694.0,Medium
AF6VSSXOI3Y4PZCNRJ3L27NCXPYA,612,2,1148.0,424.5,162.0,573.0,1159.5,Low
AF6XISKAQXTX3Q5RUF2M2VKOJ66A,827,2,536.0,667.0,162.0,767.0,1596.0,Medium
AF6YDBL3KYIK3LBKKDIHUMOLKN4Q,505,1,3999.0,304.5,668.5,231.5,1204.5,Low
AF74JR6NGSLT6D6ZFPER3HOIV3KA,765,1,849.0,608.0,668.5,645.5,1922.0,High
AF74RSGCHPZITVFSZN76K6GKPICA,1109,2,16498.0,921.0,162.0,73.0,1156.0,Low
AF7CJCAKRIAY4BVN77BTSZYXXIZA,1323,1,299.0,1102.0,668.5,913.5,2684.0,VIP
AF7EOXYL5K36BDP6PXF6K2TL5TPA,547,1,279.0,345.0,668.5,932.5,1946.0,High
AF7HUEJWED3ZUCLTT2MNQDL5BQOA,1322,1,2999.0,1099.5,668.5,288.0,2056.0,High
AF7IXQKBUL6NEIQG4R53LMJJUGXQ,595,2,628.0,404.5,162.0,726.5,1293.0,Medium
AF7NDY2H6JVYTSQOZP76GCATQ34Q,793,3,49164.0,640.0,57.0,6.0,703.0,Low
AF7NWNWMLKRURHMLHTZXO6TYO4ZQ,541,1,6525.0,340.5,668.5,180.0,1189.0,Low
AF7QASLC5FT2C3DGXD4YW2FMZ5ZQ,1122,1,3599.0,930.0,668.5,249.5,1848.0,High
AF7S5C6MJ7XPJ26E3U3Z5TIWHRMA,986,1,848.99,829.0,668.5,647.0,2144.5,VIP
AF7TKY6E2EO7NSSPHFYFGE4FJDOA,652,1,251.0,477.5,668.5,950.0,2096.0,High
AF7USQ27RIKU5ABXWZG2WFECW7JQ,1219,1,3685.0,1014.5,668.5,245.0,1928.0,High
AFA332YHUPB6I7KMME7SOFX5RKQQ,665,3,34192.0,500.0,57.0,18.0,575.0,Low
AFA3LPNRI5HE56NA7IV3NN4KYJ6Q,630,1,1699.0,447.0,668.5,440.0,1555.5,Medium
AFABWJZ3775SMVWMSWGYY4DDN6WQ,1062,1,37247.0,886.0,668.5,14.0,1568.5,Medium
AFAFMRV4L35642NQMP3WELYPQ6ZQ,738,1,230.0,580.5,668.5,973.0,2222.0,VIP
AFAH6ZDWWYSXCWPETRIORFGRILAA,935,1,2595.0,777.5,668.5,327.0,1773.0,High
AFAI5BPCMNB5QLJ2T5WCKGA5U2DQ,939,2,1378.0,786.0,162.0,517.5,1465.5,Medium
AFAKHOAYOIRPKEBF376DH5VOHIVQ,488,1,510.0,290.0,668.5,771.0,1729.5,Medium
AFAKUEWJWYAKREBPXLV2MNKZXMLA,1239,1,1499.0,1030.0,668.5,477.0,2175.5,VIP
AFALQ6JKOEKVRVI3BZ2G5PJ63HQQ,337,1,1999.0,117.5,668.5,390.0,1176.0,Low
AFAQLRAKYASFXOQP7MS6SZK4STIQ,257,2,2594.0,26.5,162.0,328.0,516.5,Low
AFAZO3VRRBIL6DP5UI4B2UDILGRQ,1068,1,179.0,890.0,668.5,1032.5,2591.0,VIP
AFAZO5BDXQFTNM5IUP2X6F5XIIVQ,881,1,249.0,729.0,668.5,957.5,2355.0,VIP
AFB3MTOE4VW2XO6RTJGIWJYH5OBQ,1180,1,499.0,984.0,668.5,783.5,2436.0,VIP
AFB5KJR4Q5FICAHBOPDPUTB3O7QQ,1214,1,9999.0,1011.0,668.5,127.5,1807.0,High
AFBB545QU2N2BJW3PGXCROIDXIIQ,682,1,209.0,514.0,668.5,991.5,2174.0,VIP
AFBJVGLPQD4P3VWFKPHEYOYSU3SA,331,1,6790.0,108.5,668.5,178.0,955.0,Low
AFBK3X6D3AHEHSYYXPL4L6JEMSLQ,509,4,11907.0,310.0,20.5,116.0,446.5,Low
AFBLTBDVC23HRPXW2OQ2JDV3BNNQ,1069,1,24499.0,891.0,668.5,43.0,1602.5,Medium
AFBPPGDHU5S2IR5WEPYWGR4ABK4Q,632,1,499.0,450.5,668.5,783.5,1902.5,High
AFBURR5C3CR7XL4WPXXV5ZEDDZPA,311,1,399.0,94.0,668.5,831.5,1594.0,Medium
AFBWMQUWPLCXK5D4A35AZBEZVRNA,526,1,12609.0,328.0,668.5,111.0,1107.5,Low
AFBZMRHC4GXUU7KNAK4OBKORDF6Q,647,1,599.0,473.0,668.5,738.5,1880.0,High
AFBZOBNNEXP2HLRKXMCEFD2RNT4A,453,1,199.0,239.5,668.5,1007.0,1915.0,High
AFC3FFC5PKFF5PMA52S3VCHOZ5FQ,269,5,4645.0,49.0,8.5,218.0,275.5,Low
AFC5K7RQQYKFB5PV47KAX2CHVIIQ,337,2,20378.0,117.5,162.0,56.0,335.5,Low
AFCEDQXVCB4LUUBWXRJS6KRU62FQ,1313,1,399.0,1089.0,668.5,831.5,2589.0,VIP
AFCKW7CNBDUGWITOVBVJGAQYTW6A,662,1,899.0,496.0,668.5,634.0,1798.5,High
AFCMYWUZMOK6KHPFLL4DTRV2KHWA,747,1,3303.0,588.0,668.5,263.0,1519.5,Medium
AFCOZOXOMZ4PVEU323VFOLNOT6YA,274,1,3307.0,56.0,668.5,262.0,986.5,Low
AFCTBE5IW6HOJ2ENFG5WZZNRBVJQ,1171,1,225.0,979.0,668.5,980.5,2628.0,VIP
AFCTNNMP2LZLY5466YJ5AY3JE5ZA,513,1,339.0,314.0,668.5,888.5,1871.0,High
AFCWL3MX7BP2ZUDD37MEAENZDQ2A,792,1,1099.0,638.5,668.5,580.0,1887.0,High
AFCZMUBZNRVRW2EJJKK5PN2YQZVQ,605,1,2199.0,415.5,668.5,369.0,1453.0,Medium
AFD53TWXXCPJAYQJ7REZPW34AKKQ,1155,1,1399.0,960.0,668.5,507.5,2136.0,VIP
AFDCSF36NJYXASQOJCQWFQTN7SDQ,757,1,199.0,600.0,668.5,1007.0,2275.5,VIP
AFDDH5QGUJ2NHJZBIAPEQVUIQCKA,1158,1,309.0,965.5,668.5,901.0,2535.0,VIP
AFDHJS4AKUMVMWYEP5HW33C5NQHQ,1319,1,1399.0,1095.0,668.5,507.5,2271.0,VIP
AFDI6FRPFBTNBG7BAEB7JDJSMKDQ,639,1,279.0,464.5,668.5,932.5,2065.5,High
AFDLRSXKDZ6U3U3KD46SQLFGZQRA,709,1,899.0,544.0,668.5,634.0,1846.5,High
AFDUJI7KG7VMZF4JGJHV4DBCA4OA,445,1,249.0,230.5,668.5,957.5,1856.5,High
AFDYUQAM7Y56P4R5CREI5OBPHSLA,953,1,656.0,802.5,668.5,711.0,2182.0,VIP
AFECO24WYFOU2KL7C3DMHTEHRU7Q,426,1,30990.0,207.0,668.5,28.0,903.5,Low
AFEIIEKX6JEHS3CPGCSIYLGCNKFA,735,1,225.0,577.0,668.5,980.5,2226.0,VIP
AFELQLNWTS4QJNCCA4ZDTWHVORJQ,1010,1,474.0,844.0,668.5,802.0,2314.5,VIP
AFEOAY5PB4XEYIOL6DY5WJBOYSKQ,361,2,1389.0,150.0,162.0,516.0,828.0,Low
AFEPOALC3FJQEMM2E5SK2EEZFXGQ,742,1,5999.0,586.0,668.5,194.0,1448.5,Medium
AFEQNJUAIGTASKXSGSUUOTDMOMDQ,655,1,699.0,483.5,668.5,695.0,1847.0,High
AFERMHRNZA7G7HIN2RS6LAQHZOWQ,243,1,2863.0,10.0,668.5,299.0,977.5,Low
AFET7BHXMVHWJN5AS7AR3VHLW5ZA,1031,1,139.0,856.0,668.5,1059.0,2583.5,VIP
AFFB6IUQ46CEIYZ2U7OAYVKAL5RQ,524,1,15499.0,326.5,668.5,80.5,1075.5,Low
AFFCNMMFC5VPKDGX5FGNODAS6Z6Q,560,1,889.0,363.5,668.5,640.5,1672.5,Medium
AFFEO6RPTLDT5MMTV2OVV4H6PEQA,990,1,7349.0,833.0,668.5,169.0,1670.5,Medium
AFFYX3FR3SF4JOIN7FIPEVVTIRMQ,1258,1,6120.0,1053.5,668.5,190.5,1912.5,High
AFG6LFTPXXKNHXVGXPDM6P3CCAHA,1165,1,199.0,976.0,668.5,1007.0,2651.5,VIP
AFG6OH7UYU5ZITX4NE2KQR3DX5SA,867,1,1799.0,712.5,668.5,424.5,1805.5,High
AFGPABA7HWGCWXXWZV5QOIOZY77A,419,2,549.0,199.0,162.0,761.5,1122.5,Low
AFGPRRCCLCHA7EEQRXPRLTJPAQ7A,597,1,9495.0,408.0,668.5,135.0,1211.5,Low
AFGQN6RWDATMEVHEO5POPH6VYFRQ,1264,1,499.0,1057.0,668.5,783.5,2509.0,VIP
AFH2YOAAGY2IP4U62G4VZ6ABXJLQ,1270,1,449.0,1064.0,668.5,809.5,2542.0,VIP
AFH5RGXHECG6OFJEKVIAUWKFYU2Q,936,1,1289.0,781.0,668.5,541.0,1990.5,High
AFH75FMWPZH6ZQFZREPWZDS7FEKA,1318,1,998.0,1093.5,668.5,610.0,2372.0,VIP
AFHDJKCENRGUUZD2EYH6VDCJO5SA,853,1,6120.0,698.0,668.5,190.5,1557.0,Medium
AFHE3U3LPV6QO6GVKLGXRFCH3YLQ,299,1,231.0,82.0,668.5,971.0,1721.5,Medium
AFHE44JRHYO42EGIWNM2GC75ZIJA,462,1,399.0,256.5,668.5,831.5,1756.5,High
AFHGWFMHIMQWZDC7MDWA55EBUZEQ,843,1,499.0,685.0,668.5,783.5,2137.0,VIP
AFHKIURZM4R62UEXTOCZLI2FPQ6A,371,1,368.0,163.5,668.5,862.5,1694.5,Medium
AFHNMLRH3T77DAFEJ6UUIVBTMB3A,1227,1,330.0,1024.0,668.5,893.0,2585.5,VIP
AFHROSCGIXUPV3FYQ7H5QOD46Q7Q,276,5,10708.0,57.5,8.5,121.0,187.0,Low
AFHT4L657CBTBKZ2UZEYQBAROXNA,401,1,1499.0,185.5,668.5,477.0,1331.0,Medium
AFHWTIWTNOD6HUF5VGHUIVQB3VKA,961,1,3498.0,812.0,668.5,257.0,1737.5,Medium
AFHZLQ2Q3GSCQCWMF4N66DXXVJCQ,1028,1,681.0,854.0,668.5,703.0,2225.5,VIP
AFI3EFAYZRL5L5TQXRQBQKWJQJTQ,869,1,398.0,716.5,668.5,842.0,2227.0,VIP
AFI5YRB4PKR26ECAXNTMOWMXMEQA,498,1,89.0,296.5,668.5,1091.0,2056.0,High
AFI7P52BGRV2NZVRGTJLLCBGJC6Q,460,1,425.0,254.0,668.5,817.5,1740.0,Medium
AFIAYICSN46TZ373SYU2DLQH7MHQ,371,1,1850.0,163.5,668.5,412.0,1244.0,Medium
AFID7FPYXSKYIQ4TXVZRJLDCTNWQ,949,1,699.0,797.0,668.5,695.0,2160.5,VIP
AFIECTV45ADX5YPTE2VU6ORRHTGQ,392,1,499.0,179.0,668.5,783.5,1631.0,Medium
AFIFHW5QMFMTWXNZ2JORBMINL3CQ,744,2,3248.0,587.0,162.0,271.0,1020.0,Low
AFIS3N547NISE4TGX3YU6F4X2AGQ,685,1,3799.0,518.5,668.5,239.5,1426.5,Medium
AFIU4APGHOFMXEOVMSQMYKMZ46QQ,595,1,649.0,404.5,668.5,716.0,1789.0,High
AFJ6ALITTDOSUNPSFLRGDVIAEWBQ,362,2,3869.0,153.0,162.0,238.0,553.0,Low
AFJDUYYD5BCY5PU522GYHMVIS4VQ,1205,1,2025.0,1004.0,668.5,385.0,2057.5,High
AFJIYRZTBOJBOWYQ5RNA36DBBXOA,630,3,1892.0,447.0,57.0,407.0,911.0,Low
AFJLA3VGFKFSX3VC6UC4ZAYVR4DQ,284,1,349.0,66.0,668.5,877.0,1611.5,Medium
AFJVYK4FXVGRSTSLGVUE5JGB2NVA,235,2,612.0,3.0,162.0,729.0,894.0,Low
AFJXTHVSM4WSXPKINO6S6L4OI5CA,1127,1,420.0,932.5,668.5,819.0,2420.0,VIP
AFK4NJOLFSJGWLOJIUIAROJF6YVA,1322,1,199.0,1099.5,668.5,1007.0,2775.0,VIP
AFKDGUQ5TMGT3PXBDHAWPRE5CACQ,453,1,269.0,239.5,668.5,940.5,1848.5,High
AFKENW6K3CFMTD3EGXQCUGK5XWWA,1042,1,599.0,871.0,668.5,738.5,2278.0,VIP
AFKODCETW6PO3PQ7T2D6SFHRFB4A,842,1,6236.0,684.0,668.5,188.0,1540.5,Medium
AFKOJLBHQLFZ3EZYM3QQRATTZ37A,778,1,784.0,626.0,668.5,671.0,1965.5,High
AFKSU4D3IE4KNDBVVBEA3AHDD2YQ,634,1,339.0,455.5,668.5,888.5,2012.5,High
AFKT7LV4XE6XJ2VTHCBHPQECW2RQ,921,1,99.0,766.0,668.5,1082.0,2516.5,VIP
AFKTST2773VUOKUHE7FCR6QCAURQ,709,1,399.0,544.0,668.5,831.5,2044.0,High
AFKZHMXRXMRTVZLMHATTD53AVKRA,849,1,1599.0,693.5,668.5,459.5,1821.5,High
AFL6MZDS6GWY7546AYCY3Q5L636A,575,1,499.0,379.5,668.5,783.5,1831.5,High
AFLFEMT6PKT5TYRSSFSGKZH76GJQ,999,1,5365.0,838.0,668.5,206.0,1712.5,Medium
AFLFHQMJXDKP4FNRZVNDLBCI7ULA,868,1,1199.0,714.5,668.5,558.0,1941.0,High
AFLHNKQH5UQZU3ATISKSMRE2KEDQ,831,1,210.0,674.0,668.5,989.0,2331.5,VIP
AFLIHOX2HH7S2OJAD63UAHKMY34Q,1271,1,499.0,1066.0,668.5,783.5,2518.0,VIP
AFLMVNHSWNI2JPAMQKSOKJPAKHMA,955,1,193.0,805.0,668.5,1023.0,2496.5,VIP
AFLUBMW56L2YZFC7R3RZVLC7YGAA,716,1,199.0,549.5,668.5,1007.0,2225.0,VIP
AFLW4WXYQ3G6HU5LBQORDDZO3FOQ,1105,2,2034.0,917.5,162.0,383.0,1462.5,Medium
AFM5JL37WY7G6MLQUI4WAXUJME7Q,362,1,27999.0,153.0,668.5,35.0,856.5,Low
AFMECPERM2GI2XQJSBWEPZKODISQ,339,4,28084.0,121.0,20.5,34.0,175.5,Low
AFMIFTNTUD5PIHGONWOTRMMZ5EBA,328,3,9698.0,105.0,57.0,131.0,293.0,Low
AFMIGQ3PROFIPTSPVGLBI5XEXCDA,455,1,299.0,245.5,668.5,913.5,1827.5,High
AFMMETRQBRCB7WX5QNQXV6J3TR5A,669,1,749.0,504.0,668.5,680.0,1852.5,High
AFMQH2YLIY5ST5VNIUADLQYIUNAA,1151,1,269.0,955.0,668.5,940.5,2564.0,VIP
AFMYMI6FWPFSDK7KXBHB2D7555OA,430,1,2299.0,211.5,668.5,357.0,1237.0,Medium
AFN7F4VMFMSGDUDUIRMKKWLH75QQ,320,1,13999.0,99.5,668.5,93.5,861.5,Low
AFNB6YVNGE6IT3AWQVSIG2TJ5L3Q,596,4,47328.0,407.0,20.5,7.0,434.5,Low
AFNM7CC3WVFADEY2HU4FUG2PQVSA,960,1,799.0,810.5,668.5,659.0,2138.0,VIP
AFNNLWHF3B35C5XQN3Y6T77GIJFQ,1095,1,230.0,913.0,668.5,973.0,2554.5,VIP
AFNSWRFEYVFT3XIQRXEBUOZKREAA,1262,1,1547.0,1055.0,668.5,465.0,2188.5,VIP
AFNWJUWJRHCC6HN52KMG5AKZY37Q,237,3,758.0,5.5,57.0,677.0,739.5,Low
AFNYIBWKJLJQKY4BGK77ZOTVMORA,296,1,1089.0,79.0,668.5,587.0,1334.5,Medium
AFO4M4BQ2WS7A3LPKJY45B5C7DYQ,426,1,259.0,207.0,668.5,947.5,1823.0,High
AFO7T5DJCA34LXNLPEMNTUPHBA3Q,1188,1,6999.0,994.0,668.5,173.5,1836.0,High
AFODI4XXHXHBFFUHK7N5LVKWEXTQ,257,2,11153.0,26.5,162.0,118.0,306.5,Low
AFOEBFZC6LMNNTBEC22LCUGEO5QA,586,1,238.0,393.5,668.5,969.0,2031.0,High
AFOGCVLE7W7ZM5OW3XW7JXCNSIVA,1255,1,139.0,1050.0,668.5,1059.0,2777.5,VIP
AFOHB4M2RWSUQ3SSZWPMD2FPH6PQ,378,2,798.0,166.5,162.0,668.0,996.5,Low
AFOPBEQ5YUOBWJ7TBDFITQFZSN3Q,1296,1,1699.0,1080.5,668.5,440.0,2189.0,VIP
AFOTDDBZZITX2HTAZ7HBQ3I4BZYA,500,1,499.0,298.5,668.5,783.5,1750.5,High
AFOYOG3YKIOLPTLR3RZNRGUHHEAQ,654,1,699.0,481.0,668.5,695.0,1844.5,High
AFP334GQV3WBH6XJIX5VITMYOH2A,1064,1,770.0,888.0,668.5,675.0,2231.5,VIP
AFP5TMKVX6PTNYNMLHFCVDXCTN4A,753,1,299.0,596.5,668.5,913.5,2178.5,VIP
AFPHD2CRPDZMWMBL7WXRSVYWS5JA,577,3,847.0,383.5,57.0,648.0,1088.5,Low
AFPK3KEV3ZSEJ7K6U6C3LERQ2E7A,881,1,389.0,729.0,668.5,849.0,2246.5,VIP
AFPP23GZ4AVHPQZCTP3HRAABLJLA,1009,1,2698.0,843.0,668.5,315.0,1826.5,High
AFPSO7EYQBYVEJGD4TAT7YFCM6UQ,480,1,269.0,282.0,668.5,940.5,1891.0,High
AFQ5SND6JJSAXPAIZSEROSRORP4A,256,1,809.0,24.0,668.5,650.5,1343.0,Medium
AFQEZSS2I5IGAKZY3Y3CGDZLCJIA,912,1,16999.0,757.0,668.5,69.0,1494.5,Medium
AFQHWSQ7JR7VCM4SWXXIOB4V3VDA,835,1,2299.0,678.0,668.5,357.0,1703.5,Medium
AFQJM63Q7OMAP62BP3TB4YQEZAXA,1102,1,1449.0,916.0,668.5,493.5,2078.0,High
AFQKCEEEKXCOHTDG4WUN3XPPHJQQ,685,1,13490.0,518.5,668.5,100.0,1287.0,Medium
AFQRUDMIIMRA32Y3JBUQNWFREEUQ,898,1,1495.0,743.5,668.5,485.0,1897.0,High
AFQRX6TAM6CHKARXIXR25X4Y2K2A,786,1,349.0,635.0,668.5,877.0,2180.5,VIP
AFQW4AC4GLYGQC4MXQWMGJM2FWRA,487,1,298.0,288.5,668.5,924.5,1881.5,High
AFR4YULNFZZC5DJOWH2KNFAOM6BQ,518,1,149.0,317.0,668.5,1053.5,2039.0,High
AFR7B35PQ2DLHGMFBSCRIUUVLRWQ,923,1,455.0,770.0,668.5,804.5,2243.0,VIP
AFRCI27IITJW4I7XDL5GNZUQPZTQ,700,2,1327.0,532.0,162.0,525.0,1219.0,Low
AFREYXJZFUSZT7YHDJ4JOF67O6VQ,365,1,12999.0,157.5,668.5,105.0,931.0,Low
AFRL737KHHDPUBLDGKMHQPVCG3SA,808,1,445.0,652.0,668.5,814.0,2134.5,VIP
AFRLBEKPIN22S4K4PBHUJ5PQPI6A,957,1,116.0,808.5,668.5,1074.0,2551.0,VIP
AFRMNW6TDHDZBP2UHF2K3MEAEYUA,1043,1,8499.0,872.5,668.5,150.0,1691.0,Medium
AFRONQAZPYZARLWLDQM2VXS7ZTIQ,1181,1,50.0,986.5,668.5,1100.0,2755.0,VIP
AFRQJEYVSY2LOMYVJL5BXH3RP23A,428,1,419.0,210.0,668.5,820.0,1698.5,Medium
AFRT52TVMDMKOXEASI2BPC7TACFA,906,1,765.0,752.5,668.5,676.0,2097.0,High
AFRUZM3EU3T6M7HFW6MUXQKJBZCQ,475,1,293.0,274.0,668.5,926.5,1869.0,High
AFS3QBSOMCE2FAZFUYZ3NBFQDLMQ,1270,1,229.0,1064.0,668.5,976.5,2709.0,VIP
AFSEOFZY67MYC7UAJU264Z5NFTLA,907,1,970.0,754.5,668.5,616.0,2039.0,High
AFSEUS2I77MEWPOCPW77EOU6Y62A,845,1,1679.0,687.0,668.5,446.0,1801.5,High
AFSII6HTAHTHGXERUNDOISNWZUNQ,875,2,16244.0,720.0,162.0,74.0,956.0,Low
AFSJHOXX5LIYZEVAMQ4SXKCYHWQA,1045,1,3710.0,875.5,668.5,243.0,1787.0,High
AFSMISGEYDYIP3Z42UTQU4AKOYZQ,577,4,49363.0,383.5,20.5,5.0,409.0,Low
AFSSY7GGVWHL2TLE5ESRJXJJEK4Q,681,1,899.0,512.0,668.5,634.0,1814.5,High
AFSTSLQUV4EVEXWKBOLEFHL2H5YQ,716,3,1097.0,549.5,57.0,585.0,1191.5,Low
AFSU7KWDY4KGQSFFCRXJ4IPJREAQ,350,1,2299.0,137.5,668.5,357.0,1163.0,Low
AFT36LVR44MBK7LQ2WQZOYCZUS2Q,1112,1,1448.0,924.0,668.5,495.5,2088.0,High
AFT4N4FD4G7EYIOZIYP6KBRGU66A,1239,1,1099.0,1030.0,668.5,580.0,2278.5,VIP
AFTC5SKWCK3WMQKPPUNHEUCBJVLA,617,1,1199.0,431.0,668.5,558.0,1657.5,Medium
AFTCOTLY72MCSV5WHMHSZ67ZZG6A,960,1,1799.0,810.5,668.5,424.5,1903.5,High
AFTFEMRWKEHE2R2QRRVOQFTETUUQ,295,1,2399.0,77.5,668.5,348.0,1094.0,Low
AFTIMMFTREPXAX7JBY4O4JOW7MSQ,468,1,799.0,266.0,668.5,659.0,1593.5,Medium
AFTNE6LMFIWK3AULQAUWK6LP2ZIQ,936,1,2719.0,781.0,668.5,311.0,1760.5,High
AFTPXYKUNENYJVDOC55L2CJXPXFQ,430,1,349.0,211.5,668.5,877.0,1757.0,High
AFTVETL4HGH4KRUF4NXGJUEDPBAQ,913,2,5298.0,758.5,162.0,208.0,1128.5,Low
AFU64BXF4ADZXV2SSZXAAAVLB7OQ,823,1,2640.0,664.5,668.5,319.0,1652.0,Medium
AFU7BOMPVJ7Q3TTA4G67RASTGYIQ,289,1,199.0,71.0,668.5,1007.0,1746.5,High
AFUAHYLSRN2FHN55BF4DN2KIACBA,343,1,2033.0,126.5,668.5,384.0,1179.0,Low
AFUBGC56G63INVGIAA2OOMZDRLTQ,548,1,1799.0,346.5,668.5,424.5,1439.5,Medium
AFUGIFH5ZAFXRDSZHM4QB2KPKFUQ,395,1,599.0,182.0,668.5,738.5,1589.0,Medium
AFUOTYRFUXVPEBGIXVZZ7DR3CZUA,811,1,99.0,655.0,668.5,1082.0,2405.5,VIP
AFUQWSUM2FGNLHU45YUKN3QAEFHQ,1051,1,8599.0,881.0,668.5,147.0,1696.5,Medium
AFUR3EWCD6OMWNI7EGYK62PDJL6Q,723,1,2079.0,566.0,668.5,381.0,1615.5,Medium
AFURD6VVHRG4HZ36KXGXYUTVUDLA,768,2,1156.89,616.0,162.0,571.0,1349.0,Medium
AFUS52CHEA75E2YGQ6SYGP3PKBGA,297,2,704.0,80.0,162.0,689.0,931.0,Low
AFUSP4NL7DIIS7CADTLDHGFLNOMQ,946,1,149.0,794.5,668.5,1053.5,2516.5,VIP
AFUT7ANZTZYGLXU65EQ2D5OP6UMA,504,3,710.0,302.0,57.0,688.0,1047.0,Low
AFUU5Q42TD7WLXRGKOBMRGUZWRFQ,897,1,899.0,742.0,668.5,634.0,2044.5,High
AFUV6WMMWSY6UM3P6ATQ6SME3H7A,579,1,1599.0,387.0,668.5,459.5,1515.0,Medium
AFUYCL7FL7ZSW4J7EI5DHXNR7NSQ,1049,1,1399.0,879.0,668.5,507.5,2055.0,High
AFUYGZVKVTGAEIOV2UCYF5JPXSCA,514,1,3999.0,315.0,668.5,231.5,1215.0,Low
AFV56MGUGR7UTIGTA35IS5TUVXHA,751,1,1464.0,592.5,668.5,491.0,1752.0,High
AFV5W5BR6PKGHPIG3J6TNFK7BSXQ,1286,1,299.0,1075.0,668.5,913.5,2657.0,VIP
AFV7ZA733ZLME4KNLZPMPCBUNPPA,265,3,2273.0,42.5,57.0,360.0,459.5,Low
AFVD66VQMSHPDT3A6HBBBGKRXBZA,386,2,34042.0,172.0,162.0,19.0,353.0,Low
AFVGMSHRL5NQJERZVEKY4JTQ26VQ,830,1,1529.0,672.0,668.5,466.0,1806.5,High
AFVHCWF76EOX4NMKE2ZUU67CEOBQ,904,1,13999.0,748.0,668.5,93.5,1510.0,Medium
AFVHKKOI25DAQSETPL7Z5W5SIVUA,427,2,1248.0,209.0,162.0,546.0,917.0,Low
AFVIPOPKMOCVCX3CMXUJHMWDIMGA,828,2,8764.0,668.5,162.0,145.0,975.5,Low
AFVKECCQ756MXVGQDFS3JMEKXUMQ,259,1,999.0,31.0,668.5,602.0,1301.5,Medium
AFVNMGQ2XHQL55BFESLIHGPCW6LA,353,1,335.0,143.5,668.5,891.0,1703.0,Medium
AFVPAVVA7NTHCLGMLLSGV56WS42Q,262,1,1799.0,37.0,668.5,424.5,1130.0,Low
AFVQ5YGAAENELAHUFPH2MAVYIWTQ,1288,1,599.0,1076.0,668.5,738.5,2483.0,VIP
AFVUB7JIZ754R5LHBFCOBLWFL67A,1213,1,4999.0,1009.0,668.5,211.0,1888.5,High
AFVZXMXYRXVM3VBDLGX45W34GQ4Q,566,1,1439.0,369.0,668.5,498.5,1536.0,Medium
AFW2YA3CWHADWVPZJRCSYJJ2O3YA,363,1,379.0,156.0,668.5,854.5,1679.0,Medium
AFW6NV5N3FUXV3CNUACPSYC5AB3Q,661,3,19497.0,494.0,57.0,58.0,609.0,Low
AFWD4ZTM7473CDWARHCDQKK73MTA,671,1,7299.0,505.0,668.5,170.0,1343.5,Medium
AFWFYPM37ORBVNKGLW4EETQML7TQ,659,1,1199.0,491.5,668.5,558.0,1718.0,Medium
AFWGX2JJIVSYWDL5QHQ3TLM3IIDA,600,1,499.0,411.0,668.5,783.5,1863.0,High
AFWJSD4AVIM6DC3YA63G2QPENQSQ,259,1,599.0,31.0,668.5,738.5,1438.0,Medium
AFWKYTQRPXNGB7RII7ZH7EABC7EA,268,1,1349.0,47.0,668.5,521.0,1236.5,Medium
AFWOTSQXCQJLZ653Y7ACEZADKGYQ,1270,1,339.0,1064.0,668.5,888.5,2621.0,VIP
AFWQRBBVJWYTYUFQHUJE63S6VXJQ,432,1,350.0,215.5,668.5,870.0,1754.0,High
AFWW4UEXAJH7EAB5LTMKMSGLUN2Q,352,1,29999.0,141.5,668.5,31.0,841.0,Low
AFX5NHAAOUKKENAT6GWNKY3X5YTQ,911,2,391.0,756.0,162.0,846.0,1764.0,High
AFXDOEANKNDY342TWIUJUYEU55IQ,1166,1,5299.0,977.0,668.5,207.0,1852.5,High
AFXO2ER7GFIH4WDPPZX6LRZX3X7Q,709,1,289.0,544.0,668.5,928.0,2140.5,VIP
AFXQ3YGENWMRX36NXEBSR2ROPG5Q,503,1,1799.0,300.0,668.5,424.5,1393.0,Medium
AFXQSBDW6232K22UMJWF5PMYX5RQ,1092,1,1399.0,908.5,668.5,507.5,2084.5,High
AFXWZKJCBIHCQFOR2RFYUE7UQDSA,1183,1,399.0,989.0,668.5,831.5,2489.0,VIP
AFXYY4Z4QM34XOLVVYKZSNZGBBBA,433,1,799.0,217.5,668.5,659.0,1545.0,Medium
AFY34GSLURN6WLMJGFOGI5R2B6LA,867,1,809.0,712.5,668.5,650.5,2031.5,High
AFY3G76SQQTSCLM7WVE3JWFEP5DA,534,1,1999.0,336.0,668.5,390.0,1394.5,Medium
AFY5TVFOMVHGBPBTIJODYDQRZM5Q,251,3,623.0,17.0,57.0,728.0,802.0,Low
AFYCBABBI2GCQRSCKIRHPLQNO72A,391,2,1788.0,178.0,162.0,435.0,775.0,Low
AFYFP2TSUS4LLHR6CY5NJQZZIG7Q,295,1,499.0,77.5,668.5,783.5,1529.5,Medium
AFYFQI7B55R5LXO2D3JPD6FBNUCA,1310,1,150.0,1088.0,668.5,1049.5,2806.0,VIP
AFYQPTD6YGHPLNTGAOUBK6JTRVTA,937,1,1804.0,783.5,668.5,416.0,1868.0,High
AFYR53OTBUX2RNAKUZHUJ4RFJJNQ,344,1,42999.0,128.5,668.5,11.0,808.0,Low
AFZ5KWM4MSPU25YIO2CYGGSNYV6Q,722,1,599.0,564.5,668.5,738.5,1971.5,High
AFZ7US7H622UBLYL4ZX2XEHT7FHQ,732,1,169.0,576.0,668.5,1040.0,2284.5,VIP
AFZBEV4BOWGRSEH2PK7D65ZW66PA,945,1,899.0,792.5,668.5,634.0,2095.0,High
AFZHLQMILG47ZESR5TLNB5QK66HQ,519,1,99.0,319.0,668.5,1082.0,2069.5,High
AFZIZOK5KDBOB5QCHUQRR2ZWUYKA,233,3,2743.0,1.5,57.0,309.0,367.5,Low
AFZL3ATLXN5TG5KBUMLEY2ABSMWA,1094,1,889.0,911.5,668.5,640.5,2220.5,VIP
AFZPH7ZAWX5VDY3HOBNYRDGIDBVA,345,2,12898.0,131.5,162.0,109.0,402.5,Low
AFZS6H2ZFJEJHRWIJ3IYL7V6KRPA,595,2,3648.0,404.5,162.0,246.0,812.5,Low
AFZSC27UUKDN5VYQVMAPYZNQTULA,420,1,24990.0,201.5,668.5,41.0,911.0,Low
AFZSMXS2MILXOSTT2ZEJDE3W7TLQ,619,1,119.0,435.5,668.5,1072.0,2176.0,VIP
AFZWM3VVEIMWNFSTQNIUSWJ324KA,490,1,600.0,291.5,668.5,730.5,1690.5,Medium
AG2Q7FISK54KBSPHF7CNNGZ3GLNA,1282,1,1799.0,1070.5,668.5,424.5,2163.5,VIP
AG322TYKVPLPBDXE7ABEUK5QTALQ,638,1,230.0,462.0,668.5,973.0,2103.5,High
AG34JWBUWQ3VHVME53EOCLAPIZ4Q,917,1,189.0,762.0,668.5,1025.0,2455.5,VIP
AG36G3XPHERLKRDG7XYQ2IWJWPIQ,939,2,3098.0,786.0,162.0,283.0,1231.0,Medium
AG3D6O4STAQKAY2UVGEUV46KN35Q,316,5,3895.0,96.0,8.5,236.0,340.5,Low
AG3H2NL3BTX4M4VD4NMTQ4VBKF6A,891,1,499.0,738.5,668.5,783.5,2190.5,VIP
AG3J2PDHKL63SV6RT5SZKPHEJM7A,750,1,498.0,590.5,668.5,795.0,2054.0,High
AG3NMRPAMYUG6GWM4J2RLJHFIBVQ,891,1,269.0,738.5,668.5,940.5,2347.5,VIP
AG3TB7ROWWPT3OD5SN5ZVSBYZ2NA,696,1,599.0,527.5,668.5,738.5,1934.5,High
AG3XBWOAL65DJSBHJ7LQ2K54HJKQ,262,1,149.0,37.0,668.5,1053.5,1759.0,High
AG42FZDSEYZOQV7FJMK7BTG3Z2BQ,639,1,199.0,464.5,668.5,1007.0,2140.0,VIP
AG44ZU44LAA7BHECDW5VB2ZMEP2A,1322,1,2199.0,1099.5,668.5,369.0,2137.0,VIP
AG46FAHE6KV3OQCLJYKRDZWNNYGQ,853,1,12999.0,698.0,668.5,105.0,1471.5,Medium
AG47CSNDLDSLE7BQWBCUPL4IMBZQ,1049,1,199.0,879.0,668.5,1007.0,2554.5,VIP
AG4E4F2EYMDWT5COA2MPYFF3DY2A,1280,1,699.0,1068.5,668.5,695.0,2432.0,VIP
AG4IENR3HNMEINBTJS3PET6VQY3Q,1100,1,649.0,915.0,668.5,716.0,2299.5,VIP
AG4LMDCRAAKD4U2FZ6B6N75KTHXA,451,1,339.0,237.0,668.5,888.5,1794.0,High
AG4MIJFPUX7ACHTA37OTFR2POWAQ,638,1,729.0,462.0,668.5,683.0,1813.5,High
AG4NQECOQ6XL3YXY2ARSILF65W6Q,577,1,247.0,383.5,668.5,964.0,2016.0,High
AG4OGOFWXJZTQ2HKYIOCOY3KXF2Q,714,5,30960.0,547.5,8.5,29.0,585.0,Low
AG4T75DAKCNZ6EPYPMKBGV6J54JQ,491,1,182.0,293.5,668.5,1029.0,1991.0,High
AG4TU4LCQXF2XTLMMGMFTNWL3OOA,237,2,1998.0,5.5,162.0,395.0,562.5,Low
AG4ZEZKMSPQD52MAAXWEB2PVXJ2Q,500,1,397.0,298.5,668.5,843.5,1810.5,High
AG54MN24SX3EMMON4AMBUNL74K3Q,1209,1,467.0,1007.0,668.5,803.0,2478.5,VIP
AG55XGEMTFKS7BXQTNFKHFTMMW5A,490,2,2691.0,291.5,162.0,318.0,771.5,Low
AG5DWPD54QGSLWJ6QUFERLPNAX4Q,284,5,3771.0,66.0,8.5,241.0,315.5,Low
AG5HTSFRRE6NL3M5SGCUQBP7YSCA,521,3,2343.0,323.5,57.0,353.0,733.5,Low
AG5LI22SGAIXYZAJXUDGHUQXIKOA,354,1,1260.0,145.0,668.5,543.0,1356.5,Medium
AG5LTALCLRJRNBK3W4P5EODKPLSA,620,1,980.0,437.0,668.5,611.0,1716.5,Medium
AG5VQTV5OVY2Q42ZQPWXTRU2PSLQ,807,1,2699.0,651.0,668.5,313.0,1632.5,Medium
AG633F2HW3BKLPJU3JCTLLLHWBHQ,276,1,1500.0,57.5,668.5,470.0,1196.0,Low
AG67C3ZJMVIGQPZOJS5PISM3QF6A,265,2,1458.0,42.5,162.0,492.0,696.5,Low
AG6CREU25N6P2H7RCHNIU6GGJ5BA,1250,1,239.0,1044.0,668.5,967.5,2680.0,VIP
AG6CUGEEGHQL2ZZ3VHASUJTHLORA,782,1,698.0,629.5,668.5,701.5,1999.5,High
AG6GKJFYOVO2OJCRV73FBUIBAJLQ,1012,1,119.0,846.0,668.5,1072.0,2586.5,VIP
AG6MBOHY6DAS5HA35XTBSFMJZKPA,976,1,5999.0,821.0,668.5,194.0,1683.5,Medium
AG6U2ZW7UGA562DK4W6NVANEMKDA,739,1,399.0,582.5,668.5,831.5,2082.5,High
AG6WSLLXZY52HSQUY5PRCXTCYQYQ,608,3,2997.0,421.5,57.0,293.0,771.5,Low
AG6X53SP2LB733ON4RXI3T7Y354A,979,2,1448.0,825.5,162.0,495.5,1483.0,Medium
AG7BWK54SGYY2Z2QHMB5VD2JXDJQ,270,1,2339.0,50.0,668.5,354.0,1072.5,Low
AG7C6DAADCTRQJG2BRS3RIKDT52Q,839,1,399.0,681.5,668.5,831.5,2181.5,VIP
AG7F66F724JZ2HIJQY7NOU5M5D2Q,346,2,2256.0,134.0,162.0,361.0,657.0,Low
AG7KTA6KY5FALZELPIEMQBXP6TYA,480,1,129.0,282.0,668.5,1066.0,2016.5,High
AG7NSYRU3ZSMSIKJT6P4YIFO6QOA,1244,1,351.0,1036.0,668.5,868.0,2572.5,VIP
AG7POKBSWQUO4VOYD4HDWYKMMJ4Q,483,2,2116.0,285.0,162.0,377.0,824.0,Low
AG7QMBEFFY2LJJKKEVWMJU2BMNRQ,839,1,3999.0,681.5,668.5,231.5,1581.5,Medium
AG7TJLDLH3HOUPRBUFW6KNUEGO4A,936,1,1699.0,781.0,668.5,440.0,1889.5,High
AG7XYZRCSKX6G2OLO7DVZWIZ3PUQ,504,2,579.0,302.0,162.0,751.0,1215.0,Low
AG7ZAJNX4XZ5LTA4NLWBHTCX2V5A,1180,1,239.0,984.0,668.5,967.5,2620.0,VIP
AGA2PZGWMQIRA46VYOTICFE7KCBA,380,1,1799.0,168.0,668.5,424.5,1261.0,Medium
AGA5INGXTDEODK7X55L4WXF6DJNQ,1111,1,130.0,922.5,668.5,1064.0,2655.0,VIP
AGACKHUULXIV2SLNKKA6GWQOP7JQ,613,1,570.0,426.0,668.5,755.0,1849.5,High
AGACLGW4IBQOHLA6UJBIUNGVBRMQ,858,1,2179.0,704.5,668.5,372.0,1745.0,Medium
AGAFYHMPFGVPR3MOS4QAZLAWPW3A,823,2,20398.0,664.5,162.0,55.0,881.5,Low
AGAI5NULVI4W3QO5HBFOWS5S6TDQ,466,1,2219.0,262.0,668.5,365.0,1295.5,Medium
AGAKDNBHY2FKX7I4ACRGILU7QL7A,987,3,19338.0,830.5,57.0,59.0,946.5,Low
AGASCT5TE6VHAHRFTOBANIS3CEIA,389,1,379.0,176.0,668.5,854.5,1699.0,Medium
AGAUULKME2K6WYOHPLL5XT5XLQGA,1111,1,13999.0,922.5,668.5,93.5,1684.5,Medium
AGAVEOWLSMUI7WPD3OHUVNHQ233Q,362,1,395.0,153.0,668.5,845.0,1666.5,Medium
AGAXJLX3K3I7WQKQA4Q4NT2IJ2WQ,1316,1,1999.0,1091.5,668.5,390.0,2150.0,VIP
AGB7DCNVNZ4VY6G33RD333OROE2A,1049,1,3299.0,879.0,668.5,265.0,1812.5,High
AGBA37OJDBIONSXA6OYI5TCIQSUQ,1126,1,1199.0,931.0,668.5,558.0,2157.5,VIP
AGBA6KKPYVJU2TU52GK575YXMSCA,272,1,979.0,53.0,668.5,612.5,1334.0,Medium
AGBUVENL47YJ3NJFQJS2MKZC7NKA,1035,1,1490.0,859.0,668.5,486.5,2014.0,High
AGBX233C7B7D7YZEL7ZLFWMQKFDQ,1248,1,179.0,1040.5,668.5,1032.5,2741.5,VIP
AGCBWB4YSTCDFAERTYIJ52KVW6EQ,806,1,1999.0,650.0,668.5,390.0,1708.5,Medium
AGCRCU432TIF4J2EL7GBEWOIULGQ,338,3,1433.0,119.0,57.0,500.0,676.0,Low
AGCRWRS4RJYVGVKINV3VAR4CGDWA,519,3,15588.0,319.0,57.0,78.0,454.0,Low
AGCX23QVQFBCYCAUWQNM4YHMKMQA,1041,1,10499.0,868.0,668.5,122.5,1659.0,Medium
AGD2H2SMDLQK62MH7BFWQ2INBP2A,777,1,479.0,624.0,668.5,798.0,2090.5,High
AGD3F3J523RVZPEJGZE7WPFJXONA,707,1,99.0,540.5,668.5,1082.0,2291.0,VIP
AGD7VGYGPRKMQY3XXC4U3XIDF5CQ,402,1,1499.0,187.0,668.5,477.0,1332.5,Medium
AGDEVIAYABTMIJLTYWTUS5M5VBTA,1219,1,1299.0,1014.5,668.5,533.0,2216.0,VIP
AGDFLPE27MVR57QZ5JFVGQXDDKSA,352,1,9970.0,141.5,668.5,129.0,939.0,Low
AGDK7O4R637II4QUCKENDONJGV4Q,543,1,1624.0,342.0,668.5,452.0,1462.5,Medium
AGDOSBSPQWBNRA3G4IV3YWOVIOXQ,1237,1,1990.0,1028.0,668.5,398.0,2094.5,High
AGDOV2OBW4Q2SW6IIJIZNVB76TXA,987,1,4799.0,830.5,668.5,215.0,1714.0,Medium
AGDOVGWZKEQ3M6DA2GHV6WUZT5SA,774,2,798.0,621.5,162.0,668.0,1451.5,Medium
AGDQOOPS6XJBBWHH34E4NJJUCN6Q,1080,1,1499.0,896.5,668.5,477.0,2042.0,High
AGDR4WFX53YFXTBXAHC65MMBDERA,1021,1,299.0,849.0,668.5,913.5,2431.0,VIP
AGDWLF5AV4ORJG6IXPD65BSQ4WHQ,939,1,1349.0,786.0,668.5,521.0,1975.5,High
AGE6O2NLNA3NUGORPU4SDK2S23QQ,238,1,37990.0,7.0,668.5,13.0,688.5,Low
AGEJSKUSIVTSJWJU7VP34MUN2TAQ,980,1,1299.0,827.5,668.5,533.0,2029.0,High
AGELSEJKLWPVNPXQ7DGK63PEQF5A,679,2,2788.0,510.0,162.0,307.0,979.0,Low
AGEOQQHGNELZNEUKJAJUA7NTPBLA,730,1,799.0,573.5,668.5,659.0,1901.0,High
AGEPZSRFODWZ4XUTXO2HNWLJIMJA,1041,1,1109.0,868.0,668.5,576.0,2112.5,High
AGEUQD256CS42A6PDKDB75VZRADA,651,1,279.0,476.0,668.5,932.5,2077.0,High
AGEUXHN7U2Q26CM6TFOTW7GZXFXQ,1026,2,798.0,852.0,162.0,668.0,1682.0,Medium
AGEYWCB2JWQR7C3RF2SEK26PTK2A,905,1,970.0,750.0,668.5,616.0,2034.5,High
AGFEJBFF3L7ZFO3MWAWARDIZZ4QA,418,2,628.0,196.5,162.0,726.5,1085.0,Low
AGFJSRWCBODKCJT6UZRNZJGS7REA,725,1,190.0,568.5,668.5,1024.0,2261.0,VIP
AGFN3SLEECW6DYL2CVGLIHJCVVHA,847,1,10999.0,691.0,668.5,119.0,1478.5,Medium
AGFR664PXRCRSQRQDL24BDLOAQSA,676,1,18999.0,507.5,668.5,61.5,1237.5,Medium
AGFSVYPXDMWJWF53N4TWY3SNOA2A,420,1,2280.0,201.5,668.5,359.0,1229.0,Medium
AGFTWXF3QWIHMPN7SMTSHB6HNJ7Q,668,1,699.0,502.5,668.5,695.0,1866.0,High
AGFWXRZUB5TYEIPWSULPTK7LHSYA,708,1,749.0,542.0,668.5,680.0,1890.5,High
AGFX4BFHOC6FXDFPD2O24RCD32NQ,460,1,16999.0,254.0,668.5,69.0,991.5,Low
AGG22XY7PCKPZDT6352IVLL2H34A,569,1,300.0,371.0,668.5,903.0,1942.5,High
AGG2AULXZCI6G44ST3BNAHRWDR5Q,979,1,699.0,825.5,668.5,695.0,2189.0,VIP
AGG44FGU5A2RZMRCILNFIV6SCYDA,599,1,599.0,410.0,668.5,738.5,1817.0,High
AGG75KFRXNLCYVRAPA6D4ZBNTNSA,922,1,1099.0,767.5,668.5,580.0,2016.0,High
AGGBXJFPXZVOJMMB6MMQOPLCJWGA,1005,2,1098.0,840.0,162.0,584.0,1586.0,Medium
AGGE54AKRMX2XMQWQQTSUOPL7CHA,527,1,115.0,329.5,668.5,1075.5,2073.5,High
AGGEFVVI6ZRLVEJHVX6PO5M4CWRA,865,1,999.0,710.5,668.5,602.0,1981.0,High
AGGFXDLCFZMTLJJDR3ZFKEOXCFLQ,1182,1,775.0,988.0,668.5,673.0,2329.5,VIP
AGGGM5HE2PLQKZV33JOD6K2TYPQQ,454,1,799.0,242.5,668.5,659.0,1570.0,Medium
AGGHDE6KFZHEDUDJBD5R27AYMEWA,881,1,228.0,729.0,668.5,979.0,2376.5,VIP
AGGI2H2AGOIX6IBDJRWULYUP5DPQ,387,2,2444.0,173.0,162.0,345.0,680.0,Low
AGGKMIGXUM3JRNVY7HZ3JHPJ7WTQ,633,4,7662.0,452.5,20.5,164.0,637.0,Low
AGGNPDA4Y5XGITWNNOOODFOYXUDA,916,1,1799.0,761.0,668.5,424.5,1854.0,High
AGGQ72HVXMSQN3ZPGCFUB47QYUVQ,612,2,7363.0,424.5,162.0,168.0,754.5,Low
AGGRC2P6M43GDEWCAHGYAILCSKTQ,943,2,31339.0,791.0,162.0,27.0,980.0,Low
AGH36QL5SGTNWTOYS6O2342SONMA,942,1,4280.0,790.0,668.5,227.0,1685.5,Medium
AGH3POHLPXABF3I4ASSGTRXAUPPA,439,1,349.0,223.0,668.5,877.0,1768.5,High
AGHGLXUVEHN4NFA3CCYIUFWBIC4A,413,1,15499.0,192.0,668.5,80.5,941.0,Low
AGHKFSJFKP7E3JJOXV3C6UPGZKQA,1118,1,499.0,929.0,668.5,783.5,2381.0,VIP
AGHPERSZ5ZUKU6VDRTYPQ3IOGQUQ,537,1,999.0,338.0,668.5,602.0,1608.5,Medium
AGHPFBXJ7QGWVIHXEUBS5Z7F52WQ,717,2,1443.0,551.5,162.0,497.0,1210.5,Low
AGHPOFCHZ73Q2Q2IFTCJLUSEL2NQ,432,2,1248.0,215.5,162.0,546.0,923.5,Low
AGHRDOQP7F74DK6KEXSY2NLLKZVQ,268,1,6499.0,47.0,668.5,182.0,897.5,Low
AGHUNVKMP4YTSSYUDMEX3JJJ5I3Q,571,1,3999.0,372.0,668.5,231.5,1272.0,Medium
AGHWZ6VIDNDWZOTO6YROX62J5CGA,1174,1,1799.0,981.0,668.5,424.5,2074.0,High
AGHYCMV7RJ5D76UEZDZJPPEUGU5Q,658,1,129.0,489.5,668.5,1066.0,2224.0,VIP
AGHYPI3NVH2LTDBF4N7QXV5CQEVA,343,1,159.0,126.5,668.5,1043.5,1838.5,High
AGI2Y5SCA6G6LPHLNAJOLCNAMEJQ,767,2,1398.0,614.0,162.0,513.5,1289.5,Medium
AGIAEJN4RPI6Z5ABV733VJMBUZLA,534,1,699.0,336.0,668.5,695.0,1699.5,Medium
AGIBHP2JIWGT67DQJYQTYMAXKTQA,988,1,149.0,832.0,668.5,1053.5,2554.0,VIP
AGIC6PASSVB4T3KTZHK6ADD23GCA,351,3,387.0,139.5,57.0,851.0,1047.5,Low
AGICMMOTS42OFSDTZOVJ4C5P3LEA,896,1,1399.0,741.0,668.5,507.5,1917.0,High
AGIJABWDG4M75P6SIANOPH6CGIVQ,970,1,499.0,814.5,668.5,783.5,2266.5,VIP
AGIJM2HE6GKI3I75OJ7PODHPP67Q,447,1,199.0,233.5,668.5,1007.0,1909.0,High
AGIQ5Y7Q4MKZ542KKVFZLAIZV6GQ,1135,1,249.0,942.5,668.5,957.5,2568.5,VIP
AGJ23TWSY6YFMAVSEAOAUEWO4QLQ,838,2,33219.0,679.5,162.0,20.0,861.5,Low
AGJ2XZ2PPFHMYQ54KPSUGDLHTOIA,634,1,2320.0,455.5,668.5,355.0,1479.0,Medium
AGJ4SX7KMBI7JTCLN2M2NDKHLBYQ,1090,1,1414.0,906.0,668.5,501.0,2075.5,High
AGJOGZAGBMX7PBCUAILD2YIM5MAA,416,1,6299.0,193.5,668.5,185.5,1047.5,Low
AGJRCXYSPMLOJNP22GLBKWRCYDYQ,829,1,2499.0,670.0,668.5,335.5,1674.0,Medium
AGJS36PNW27URDEUJGCT2OLR3Z6A,683,1,199.0,515.0,668.5,1007.0,2190.5,VIP
AGJX72ZLJFKML3LS6N7WXRA4RF3Q,1318,1,664.0,1093.5,668.5,708.5,2470.5,VIP
AGJYG6ZWCWD74WNE6Y37XZ2VUSMA,510,1,9999.0,311.5,668.5,127.5,1107.5,Low
AGKBVK7XMXHCSEHT2ENTPCTVRBIA,803,1,480.0,648.0,668.5,797.0,2113.5,VIP
AGKCX7P476LO5R2Q3HYVXO2BCSFQ,624,1,378.0,441.0,668.5,857.0,1966.5,High
AGKFJL7J7K55WKEOE2PSU5WEXEAA,954,1,1234.0,804.0,668.5,549.0,2021.5,High
AGKG3U55NSBTQ4QBDCGLUGSEEICA,401,1,77990.0,185.5,668.5,1.0,855.0,Low
AGKGXJAEWW2YJUFZPBBJMTXB5JCA,468,1,850.0,266.0,668.5,644.0,1578.5,Medium
AGKLZ4SUHAU47KJXDVHBBEWJODUA,818,1,347.0,660.0,668.5,885.0,2213.5,VIP
AGKNFVSMZCSEFHPASWFBOIYKRZJA,1055,2,1336.0,883.0,162.0,523.0,1568.0,Medium
AGKNJPIVMVEHKL6ZFBAQ3CTFZ2KQ,1243,1,1889.0,1034.5,668.5,408.5,2111.5,High
AGKQKPUOEC3LQR7GHBQYAHPTU4SA,433,2,2489.0,217.5,162.0,340.0,719.5,Low
AGKSW3FNH3REYN3OKPKJN4KWXLMQ,1164,1,1799.0,974.5,668.5,424.5,2067.5,High
AGKURQGQGENCRFFBWSO32XS4ZGZQ,574,1,717.0,377.0,668.5,686.0,1731.5,Medium
AGKZVBLHK472MSGAAUABFRZL7SYQ,589,2,2348.0,397.0,162.0,351.5,910.5,Low
AGL76XCJ2EWY36ABPD25DHZRMQMA,792,1,2599.0,638.5,668.5,323.5,1630.5,Medium
AGLH5KPYCT4MGPQ34MNWKLR6NXEA,475,1,1049.0,274.0,668.5,592.5,1535.0,Medium
AGLKEDKY645GZ33OFGXHPWWFLXOA,1214,1,154.0,1011.0,668.5,1046.5,2726.0,VIP
AGLKKKJCKHZ32S7MCK46JWDZ2A3A,583,1,1299.0,390.5,668.5,533.0,1592.0,Medium
AGLLHPCKRL6U2U6U5XXMJ4V6ANHQ,1022,1,1499.0,850.0,668.5,477.0,1995.5,High
AGLP2ACOBJSBZ276KMDD733NQQFA,1316,1,1399.0,1091.5,668.5,507.5,2267.5,VIP
AGLVW6SUWTW35HT5AYQR4CKA5IOA,359,1,1990.0,147.5,668.5,398.0,1214.0,Low
AGLWM3KQXUEEG5QUPOMKI72IIOZQ,347,1,3199.0,135.0,668.5,275.0,1078.5,Low
AGLZGGJLEO2WGEMX4KZCFNEJX64A,952,1,185.0,800.5,668.5,1026.5,2495.5,VIP
AGLZUIR2UEQJFHZ6KGUGFYPYINNQ,830,1,249.0,672.0,668.5,957.5,2298.0,VIP
AGM4RYZ46NPKH7I2SDZXAUHSB52A,362,1,1815.0,153.0,668.5,415.0,1236.5,Medium
AGM52TVEKBJENHQAN4Q22ODCL5AA,1206,1,2169.0,1005.0,668.5,373.0,2046.5,High
AGM6RW6V2RSFD5F6ILCN44YX4Y7Q,481,1,10099.0,284.0,668.5,126.0,1078.5,Low
AGMG74N6WQGI376W7GEJJ4XD3ARQ,906,1,139.0,752.5,668.5,1059.0,2480.0,VIP
AGMHQJ2A77R33DA4XP3ZHYOMOTHQ,828,1,89.0,668.5,668.5,1091.0,2428.0,VIP
AGMJ6TDLOVZIR5ZU65TLJFSLG2BQ,582,1,1199.0,389.0,668.5,558.0,1615.5,Medium
AGMLLOV22EXPBNLF6VLGFTSABHHA,879,1,351.0,724.0,668.5,868.0,2260.5,VIP
AGMQDZGGSEBXX4KBJOBAGIFI36OA,1241,1,154.0,1033.0,668.5,1046.5,2748.0,VIP
AGMUJCTMBNQBOGHL6UPSSF4KSNUA,324,1,13490.0,102.0,668.5,100.0,870.5,Low
AGMWSX5A6BMRWUFEIC4KPWXAJ4YQ,308,1,199.0,90.5,668.5,1007.0,1766.0,High
AGMXRWYEJX5URWOJFL6BVNS33A4Q,751,1,3179.0,592.5,668.5,281.0,1542.0,Medium
AGMXX5UGO3VXFAN2HOVYOWQYTRYA,956,1,44999.0,806.5,668.5,10.0,1485.0,Medium
AGN2VH6RTYG5CM3YVH34VGYJFO4A,676,2,678.0,507.5,162.0,704.5,1374.0,Medium
AGN5DA5YJ2ZNRT47PCFQTDEDEHNQ,1147,1,1190.0,949.5,668.5,567.0,2185.0,VIP
AGNGZAPY5HMB7OOQAXQ3MH5OLVSA,1321,1,2599.0,1097.0,668.5,323.5,2089.0,High
AGNNWLEF6V57TKIFJM7SWHNFAIQQ,397,2,1649.0,183.5,162.0,450.5,796.0,Low
AGNONTMQDE5KLLDEEB57Z3C5WAEA,291,2,63998.0,74.0,162.0,2.0,238.0,Low
AGNRJFR7GTAKNDLEQNVGQMRVURVQ,341,1,649.0,124.5,668.5,716.0,1509.0,Medium
AGNXWXFWLOYZAYJ5PRIM2NB57E4A,249,1,23999.0,16.0,668.5,44.0,728.5,Low
AGNYTWD4ORSSUWNGICU3TRNRMRIA,918,1,999.0,763.0,668.5,602.0,2033.5,High
AGO4OKG6KVBAAE52Q62JBKHRDFFQ,752,2,1692.0,594.5,162.0,444.0,1200.5,Low
AGOARJLTS744KQC3BTKT5KQVOJUA,752,2,11209.0,594.5,162.0,117.0,873.5,Low
AGOCMOZJWGI5VHFT2RZLTQFZLKPQ,811,1,349.0,655.0,668.5,877.0,2200.5,VIP
AGOGMKLERURWSCD4RIH53WPEVTWA,1105,1,185.0,917.5,668.5,1026.5,2612.5,VIP
AGOKXS4TP2M6LTNG5HAEMLCKI2IA,765,1,499.0,608.0,668.5,783.5,2060.0,High
AGOMXFNBIQBEWLN4JDC65FDPTBDQ,696,1,54990.0,527.5,668.5,4.0,1200.0,Low
AGOWRLSBPAVLJONO6CNUFO3QABZQ,572,2,3415.0,374.0,162.0,260.0,796.0,Low
AGOXDFXDUHGRNK5JD2YNYIZ72AEQ,1267,1,8499.0,1061.0,668.5,150.0,1879.5,High
AGOYOKNFM75VNEGK3DSACVQ6CFUQ,996,1,3299.0,837.0,668.5,265.0,1770.5,High
AGOYWHMRBO7PSZ7ZPV3UH243H6AA,1161,1,90.0,970.5,668.5,1088.5,2727.5,VIP
AGP33PWKFF63FWCVM7D7LPQHFGLQ,1239,1,320.0,1030.0,668.5,900.0,2598.5,VIP
AGPK7U5SHXBYBXEWBTRCIAZSB6LQ,426,1,399.0,207.0,668.5,831.5,1707.0,Medium
AGPLW74W3HJTC3ICBNN3R6MIHFMA,464,1,899.0,260.0,668.5,634.0,1562.5,Medium
AGPOYBESW4JLTMELJLGMLV4JKJEA,409,1,426.0,190.0,668.5,816.0,1674.5,Medium
AGPWASWUND4PQYWAP6ICZEPQCWZA,972,1,12999.0,817.5,668.5,105.0,1591.0,Medium
AGQ55X6WU4XM455UMFRGQZ7RYEYA,282,1,2799.0,63.0,668.5,303.0,1034.5,Low
AGQCT5HPQJXUN2FVZNCBSEQIYDPQ,951,1,12999.0,798.5,668.5,105.0,1572.0,Medium
AGQEYE3ZA7VXHMGDQLZM3VL7DNZQ,699,1,749.0,530.0,668.5,680.0,1878.5,High
AGQKQGF2M565PCZ2RPUYM7HIWH3Q,283,1,1369.0,64.0,668.5,519.0,1251.5,Medium
AGQNVTJBYS6YFCNDPYBR3HDTR3AA,823,1,2903.0,664.5,668.5,296.0,1629.0,Medium
AGQYGAK76B74HUWOOUOFTXH2LAZA,383,2,4076.0,170.5,162.0,229.0,561.5,Low
AGQYTSKE2UBYARZYRBADQMX6BJPQ,470,2,7919.0,269.0,162.0,161.0,592.0,Low
AGR6UE4GCJKWO64UOIRUNFUGTL7A,718,2,1068.0,555.0,162.0,589.0,1306.0,Medium
AGRLDCPA7VJZZTV4GUIODVQ3DTHA,324,2,4489.0,102.0,162.0,222.0,486.0,Low
AGRSOPDTA7U5B4WO5BHUCRZI5KRQ,766,1,389.0,611.0,668.5,849.0,2128.5,VIP
AGRT55DXEGF2EOL63HOKKKBB2KFA,755,1,159.0,598.0,668.5,1043.5,2310.0,VIP
AGRVINWECNY7323CWFXZYYIZOFTQ,311,3,21415.44,94.0,57.0,50.0,201.0,Low
AGS3YC22FW2PCSH3I7ODDXETZ6BA,946,2,7298.0,794.5,162.0,171.0,1127.5,Low
AGSEKYY3BOZSIPCZ3LHAML2SOC4A,1045,1,3599.0,875.5,668.5,249.5,1793.5,High
AGSGSRTEZBQY64WO2HKQTV7TWFSA,243,1,1599.0,10.0,668.5,459.5,1138.0,Low
AGSJLPK6HU2FB4HII64NQ3OYFFFA,803,1,379.0,648.0,668.5,854.5,2171.0,VIP
AGSJW5TCLJEKW4HAJAA4XRRNDAWQ,258,1,129.0,28.5,668.5,1066.0,1763.0,High
AGSMOEVIV64A236CLW3B5JHPYQIA,1070,1,660.0,892.5,668.5,710.0,2271.0,VIP
AGSMSIDW4O7QLQGWYZQQMDHWGR4Q,642,1,799.0,469.0,668.5,659.0,1796.5,High
AGSV37DJ5QTUYOXFJNPD4W7GXVFA,608,1,12000.0,421.5,668.5,114.0,1204.0,Low
AGT7YYJVUC6ZHRKQHVUQZMDNLXEA,572,3,3502.0,374.0,57.0,255.0,686.0,Low
AGTDD34Y77OB36JNYQWQDN7MHECQ,369,2,10818.0,161.5,162.0,120.0,443.5,Low
AGTJ44UNO6K5X567YLQPYGN3TV4Q,614,2,3148.0,427.5,162.0,282.0,871.5,Low
AGTO2SOXJTD3K6T7WPUHCT6SUMKA,741,1,999.0,585.0,668.5,602.0,1855.5,High
AGTTU64JMX722LYCN3SOWLFPKPAQ,505,1,139.0,304.5,668.5,1059.0,2032.0,High
AGU3BBQ2V2DDAMOAKGFAWDDQ6QHA,607,1,13999.0,419.0,668.5,93.5,1181.0,Low
AGU76WKSU62DUNTPCMTC4FCUNRTQ,614,2,3698.0,427.5,162.0,244.0,833.5,Low
AGUAYQHARAKR2VZTRP276KAGETKQ,772,1,349.0,618.5,668.5,877.0,2164.0,VIP
AGUDFIEXE7SNZX63QNMDTVSNXB3A,595,1,5999.0,404.5,668.5,194.0,1267.0,Medium
AGUFRJ5TPSUUBZBNRWHDRJV4VMQA,434,2,878.0,219.5,162.0,642.0,1023.5,Low
AGUGVM4ITHDG6NIND6XEJSQA5O2Q,1114,1,4999.0,926.0,668.5,211.0,1805.5,High
AGUHOLJYG2HCK2BYPUP7F5VH23GQ,591,1,1299.0,399.5,668.5,533.0,1601.0,Medium
AGUJKURU5LKSDMIBLC2AYZHJZCHA,833,1,351.0,676.0,668.5,868.0,2212.5,VIP
AGULFHMPCHCL32WCIP4GEGWFVZEQ,618,1,2499.0,433.5,668.5,335.5,1437.5,Medium
AGUQYXAUPX5VOWYZTIWXMUIGVGCQ,681,1,549.0,512.0,668.5,761.5,1942.0,High
AGUR3CFYVZUMDJQIESKOIQOGV7AA,941,1,1499.0,789.0,668.5,477.0,1934.5,High
AGUUHLF34AIEIOE5KULXXVWKBCMA,980,3,2832.31,827.5,57.0,301.0,1185.5,Low
AGUZMT2E4HNC5VF25OWLAUF6KBGA,858,1,269.0,704.5,668.5,940.5,2313.5,VIP
AGV3IEFANZCKECFGUM42MRH5FNOA,560,3,17597.0,363.5,57.0,65.0,485.5,Low
AGVBLW36Z5EAOHMLSSU23UQMTUDQ,459,2,4398.0,252.0,162.0,226.0,640.0,Low
AGVIAQK2HQ47P7UVXHW2NBAEU7YQ,394,3,2247.0,181.0,57.0,364.0,602.0,Low
AGVLBEJH5PAT5HSTWGHSFXU5D5ZA,935,1,298.0,777.5,668.5,924.5,2370.5,VIP
AGVUE2NFN2MQEOQ4PR525B2ZI5PQ,345,1,547.0,131.5,668.5,765.0,1565.0,Medium
AGVXOHPJT64ZRYKHIDKVJSJGK6CQ,306,1,519.0,87.5,668.5,770.0,1526.0,Medium
AGVZ57S4TZDMQTXR67SMTWQOOKRA,698,1,39.0,529.0,668.5,1101.5,2299.0,VIP
AGW3NGXVSGUB34Q5V6ACANURQMGQ,1044,1,9499.0,874.0,668.5,134.0,1676.5,Medium
AGWFKE7RNP6EVC4JFLFSL76EEVVQ,1088,1,32999.0,904.5,668.5,22.0,1595.0,Medium
AGWIGDEMFIIUAOXYY2QATNBSUGHA,390,3,1618.0,177.0,57.0,453.0,687.0,Low
AGWXGUALH6VESAYTZGWBZBUDTWFA,1254,1,999.0,1048.5,668.5,602.0,2319.0,VIP
AGX3GCRGFU4IHAJZRUP655EEGSQA,254,1,299.0,21.0,668.5,913.5,1603.0,Medium
AGX46OTZ7C4VDXH4UA7ZAZIZUMYQ,953,2,3198.0,802.5,162.0,277.0,1241.5,Medium
AGX5ELLH3KJJ4CY2DJJOXDSOEI6Q,455,2,1066.0,245.5,162.0,590.0,997.5,Low
AGX5JLHABEDQENBZXYQGHW3ICZYA,1130,1,3249.0,937.5,668.5,269.0,1875.0,High
AGXRGH7DLS3RVFS5KWU4PGR3H3GQ,1153,1,999.0,957.5,668.5,602.0,2228.0,VIP
AGXSFZZKVHNWYTRTFYE3O766ZHVQ,421,1,998.06,204.0,668.5,609.0,1481.5,Medium
AGXTMB2XHZBEWZ2UIX7ODZ4XTU6Q,397,1,799.0,183.5,668.5,659.0,1511.0,Medium
AGXW34DAO3AACVXOXNHT66PCBGQQ,623,1,3229.0,440.0,668.5,272.0,1380.5,Medium
AGY65IJP7XREWO3GUDT46474CYKA,1017,1,649.0,848.0,668.5,716.0,2232.5,VIP
AGY6OOO6NIXEY5CJIHB4LUUUQJLQ,1184,1,3299.0,990.0,668.5,265.0,1923.5,High
AGY7ZX7WDDSGAZJBPPS3MCIL7U7A,1212,1,2999.0,1008.0,668.5,288.0,1964.5,High
AGYAPOCHJTBVSKV3GSONJ7VXL3PA,1153,1,979.0,957.5,668.5,612.5,2238.5,VIP
AGYEIMSVEDOLA2OV3DIOGX2IMCBA,640,2,3215.0,467.0,162.0,273.0,902.0,Low
AGYEJRMI35FOWDV7JK76YPMMQDDQ,263,1,15999.0,40.0,668.5,76.0,784.5,Low
AGYFSXQSHFHYAB4GM2SRCFCQBFQA,766,1,99.0,611.0,668.5,1082.0,2361.5,VIP
AGYHHIERNXKA6P5T7CZLXKVPT7IQ,241,5,31463.0,8.0,8.5,26.0,42.5,Low
AGYLPKPZHVYKKZHOTHCTYVEDAJ4A,885,1,399.0,734.0,668.5,831.5,2234.0,VIP
AGYSMAC6V6RFJJOHG2FIRPOZ6CSQ,450,2,568.0,235.5,162.0,756.0,1153.5,Low
AGYSVNZMQT5LOVKHSCYDE7OAPKVA,1138,1,7499.0,944.0,668.5,165.5,1778.0,High
AGYTCTSUZJJZTK2XVADTQI5MYUFQ,894,1,249.0,740.0,668.5,957.5,2366.0,VIP
AGYTSAUTXMOPROERNJPXNEB2XWNQ,362,1,209.0,153.0,668.5,991.5,1813.0,High
AGYYQY3SON5Q4UBPM5NWXQSSLCIA,565,1,9199.0,367.0,668.5,137.0,1172.5,Low
AGYYVPDD7YG7FYNBXNGXZJT525AQ,301,3,1313.0,83.0,57.0,528.0,668.0,Low
AGZJ7DR6QX66HBTFZ4IRO5RGM6VA,868,1,7799.0,714.5,668.5,163.0,1546.0,Medium
AGZOJCTR6UIB4LRZ4Y7HTXOXSKVA,756,1,929.0,599.0,668.5,626.0,1893.5,High
AGZT5FACORYIGQP6G2H2CS6HEMTQ,655,1,649.0,483.5,668.5,716.0,1868.0,High
AGZT5PONY6EVMJE2FLZV6WDQJ4FA,856,1,1799.0,701.5,668.5,424.5,1794.5,High
AGZU6C2XL3X2B4NEWLQJDSJ75QGA,467,1,29990.0,263.5,668.5,32.5,964.5,Low
AGZXI6YFQBL7Y6ZH4JOLRETHVDYQ,554,1,2499.0,355.0,668.5,335.5,1359.0,Medium
AH2347WTE3DZ3TIZUB5LCLZPAYEQ,259,3,3997.0,31.0,57.0,234.5,322.5,Low
AH23AKG5YNJYJ4Y6OYI5H6UBQMLQ,970,1,1295.0,814.5,668.5,539.5,2022.5,High
AH25HG24NISHLQPFOZA77WS5CUFQ,307,1,2999.0,89.0,668.5,288.0,1045.5,Low
AH2DFUHFTG4CKQFVGZSB4JHXSAWA,1220,1,213.0,1016.5,668.5,988.0,2673.0,VIP
AH2MVSVVA6YZM7U4DBKDG2XBZM5Q,607,1,1799.0,419.0,668.5,424.5,1512.0,Medium
AH2WGV2PEBUTICRPBEEVKF24G5LA,714,3,20405.0,547.5,57.0,54.0,658.5,Low
AH2YUV5UZMGORXEBW3SJV4N3V2FQ,442,1,499.0,227.0,668.5,783.5,1679.0,Medium
AH33YNJUF6TNUB2CJTLGAJX4G6DQ,1248,1,369.0,1040.5,668.5,860.0,2569.0,VIP
AH3DODDCISNEXGUHYV4MRDQ3H36Q,701,1,115.0,534.0,668.5,1075.5,2278.0,VIP
AH3LHRL5P4YAVOQQCH72G2PJFXSA,630,3,5287.0,447.0,57.0,209.0,713.0,Low
AH3ZH5IE4MTFB3T33O3QSGLU4BBA,1320,1,3349.0,1096.0,668.5,261.0,2025.5,High
AH3ZNJWSAOEWIBD3NFLGHZZOOMIQ,460,1,1299.0,254.0,668.5,533.0,1455.5,Medium
AH44VG4ASUF7HIFZHFM6WAI4GNQA,769,1,8349.0,617.0,668.5,156.0,1441.5,Medium
AH47N5DDNXGCIUMG3NVONJ6SERZA,704,1,649.0,536.5,668.5,716.0,1921.0,High
AH4BURHCF5UQFZR4VJQXBEQCTYVQ,262,1,3499.0,37.0,668.5,256.0,961.5,Low
AH4GBZYOUGBQQ2XQQHY6WKQZTIKQ,474,1,3645.0,272.0,668.5,247.0,1187.5,Low
AH4LJDHSBLPNJYLQGQ53EQ6DBVZA,798,2,1498.0,644.5,162.0,484.0,1290.5,Medium
AH4QNGP7K2SO6FBWTS4Y274VHV6A,610,1,499.0,423.0,668.5,783.5,1875.0,High
AH4QT33M55677I7ISQOAKEQWACYQ,445,3,2532.0,230.5,57.0,331.0,618.5,Low
AH4TEK5IQCC2BSF2KSQNKQEXAPLA,284,3,6077.0,66.0,57.0,192.0,315.0,Low
AH4UFMXJR52M6C4NX7QU4XASBENQ,458,1,549.0,250.5,668.5,761.5,1680.5,Medium
AH5G2FWQ6AJBXK2IDCA22BNQTT2A,330,1,539.0,107.0,668.5,766.0,1541.5,Medium
AH5IBUYCUMQE3ZLKBJ3PLWNMXDIQ,456,1,219.0,248.0,668.5,983.5,1900.0,High
AH5JH2QLZDYXTHIDXBBLTDHQUALA,1322,1,1792.0,1099.5,668.5,434.0,2202.0,VIP
AH5JWG7PISZWAT76DY5Y76KRU2OA,662,1,1180.0,496.0,668.5,569.0,1733.5,Medium
AH5MDQC5CNEJHNNNCBFSXIDCO6RQ,693,1,507.0,526.0,668.5,772.0,1966.5,High
AH5Q2T67DWA5P5DG3FGMWEZ2ES3Q,721,2,3459.0,562.0,162.0,259.0,983.0,Low
AH5QCHOEUTDOJFO6UV2CGMZU5SUQ,703,1,10389.0,535.0,668.5,125.0,1328.5,Medium
AH5RWQ4S72IVLZD6O75OPCFIVDXQ,1305,1,199.0,1085.0,668.5,1007.0,2760.5,VIP
AH5VFMT4UVRW3RSEXEPXBDEGWBSQ,1088,1,2449.0,904.5,668.5,343.0,1916.0,High
AH5VLM66SIK7J3IRG4NY7XVOQ55A,521,1,199.0,323.5,668.5,1007.0,1999.0,High
AH5WOB4H6TNTIVWLGHXDBTVBKZ3Q,1086,1,699.0,903.0,668.5,695.0,2266.5,VIP
AH62QNZEYJYC6LNXAJ4BXL6JZZEQ,236,1,279.0,4.0,668.5,932.5,1605.0,Medium
AH6AGSQLLH54UPSZGMXTOGESIEBQ,1280,1,199.0,1068.5,668.5,1007.0,2744.0,VIP
AH6CX2UTCOW6LXS74QK3TCQOHRIQ,1128,1,299.0,934.5,668.5,913.5,2516.5,VIP
AH6JPV326WGUKC2J4EGVP3IN6ZLA,1117,1,18499.0,928.0,668.5,64.0,1660.5,Medium
AH6MFUU725GG4KA3XTALSTU2ILHA,447,2,2765.0,233.5,162.0,308.0,703.5,Low
AH6QHRMENKX6PFBXHEVDIWEKJSKA,1217,1,2899.0,1013.0,668.5,297.5,1979.0,High
AH6RQDXZYKAUPNBOYC4NAZERTFOQ,577,2,22798.0,383.5,162.0,46.0,591.5,Low
AH6RSKPDRXTY7FU32MGPKOFN4PAQ,1214,1,699.0,1011.0,668.5,695.0,2374.5,VIP
AH6VDJLLPBXKCWXMLBKMBCQ2ESGA,643,1,399.0,470.5,668.5,831.5,1970.5,High
AH725ST5NW2Y4JZPKUNTIJCUK2BA,704,3,16117.0,536.5,57.0,75.0,668.5,Low
AH77IQRYD54XCRMCO7XEAIAYCLPA,298,3,1861.0,81.0,57.0,411.0,549.0,Low
AH7GOHZT6M5G6ELWPDTVZVKRZ7ZA,797,1,299.0,643.0,668.5,913.5,2225.0,VIP
AH7J7BCTWAMK2REWT4AMA2V5DPUQ,1185,1,299.0,991.5,668.5,913.5,2573.5,VIP
AH7UKBIDDPO4XM2ZIT5IFSGEAIDA,591,1,2499.0,399.5,668.5,335.5,1403.5,Medium
AHA2QGFQYDUQ57OW7ATIM3QVTIIA,252,1,549.0,18.5,668.5,761.5,1448.5,Medium
AHA46ZPX4RCAEYAPE2XW7RQES5IA,1156,1,272.0,962.5,668.5,937.0,2568.0,VIP
AHAEBXTXQDY355AGFMFX3Z2VAAUQ,846,1,6499.0,689.0,668.5,182.0,1539.5,Medium
AHAI6EM7F7W3GV3SUIDSKWTBJOSA,903,1,265.0,747.0,668.5,944.0,2359.5,VIP
AHAIKXSSOQ7R5GBPVSBR6VE72QVQ,1130,1,279.0,937.5,668.5,932.5,2538.5,VIP
AHATM4XWKOTU6FWTFVAS5TP6X2VQ,1036,1,2088.0,861.5,668.5,380.0,1910.0,High
AHB43CZ4RHLJ5S6CBOWX6MEI7J4Q,1061,1,349.0,885.0,668.5,877.0,2430.5,VIP
AHBAT6VLOXWGYDL57KHCNCLPXAKA,262,3,713.0,37.0,57.0,687.0,781.0,Low
AHBAU2TXR72GFAVHGD4E7OTABKDA,434,1,664.0,219.5,668.5,708.5,1596.5,Medium
AHBMHE56M3IAD7Z4KXUKREAZX3WQ,1011,1,32999.0,845.0,668.5,22.0,1535.5,Medium
AHBMZRY43T2GTYDVNFMUVASIBTPA,913,2,21548.0,758.5,162.0,49.0,969.5,Low
AHBNKB74LGTYUOKPAJBSKNFV45CA,923,1,15490.0,770.0,668.5,84.0,1522.5,Medium
AHBST4ZJ5665DV2TCR4W4J2OI3DA,455,2,4468.0,245.5,162.0,223.0,630.5,Low
AHC7MPW55DOO6WNCOQVA2VHOD26A,406,1,970.0,188.5,668.5,616.0,1473.0,Medium
AHCA5SEFUQQWPNVIGU2QCAWNMDKA,994,1,1329.0,835.5,668.5,524.0,2028.0,High
AHCG74BCEDINDMRYYF2QPYY3OHJQ,905,1,10499.0,750.0,668.5,122.5,1541.0,Medium
AHCGV72I3RKXOSSUNK3SQOB677NA,905,1,299.0,750.0,668.5,913.5,2332.0,VIP
AHCJ2GWM5V4XDOBLR4UU2RV4ERKA,855,1,125.0,700.0,668.5,1068.0,2436.5,VIP
AHCTC6ULH4XB6YHDY6PCH2R772LQ,345,5,20457.0,131.5,8.5,53.0,193.0,Low
AHCWRQHRUAVMTMUH5NYNB3P4NWEA,718,2,397.0,555.0,162.0,843.5,1560.5,Medium
AHCYM2ECKI2MNOIDHDG4PT6IIN6A,246,2,46348.0,13.0,162.0,9.0,184.0,Low
AHD5PGE5RBBE2T3G427T32V7OROA,731,1,176.63,575.0,668.5,1037.5,2281.0,VIP
AHDC2HUUNEL6GRJRX5TTOVKITONQ,796,1,478.0,642.0,668.5,799.0,2109.5,High
AHDD7ZNB47QA2JLYU53HD4ML3VNQ,794,2,9147.0,641.0,162.0,139.0,942.0,Low
AHDFR3PDKEBV72HXRL3RJJLS3YYA,532,2,698.0,334.0,162.0,701.5,1197.5,Low
AHDIDVECFGA6OQRNUBPUO6366UGQ,265,2,917.0,42.5,162.0,627.0,831.5,Low
AHDJJLKORMH72SSEBWOVAKE66EHA,558,1,1799.0,359.5,668.5,424.5,1452.5,Medium
AHDMHAUOY75NWLNOF3X4UPNKXFSQ,1083,1,16999.0,899.0,668.5,69.0,1636.5,Medium
AHDNBCY5WEIZQ2ETHEL72TPHNGVQ,506,1,455.0,306.0,668.5,804.5,1779.0,High
AHDY3KBEOCPCYVEOYWZEYYPHAMUA,418,1,499.0,196.5,668.5,783.5,1648.5,Medium
AHE2QUNIF2AZCEMTCYWKMFNEWDCQ,1180,1,635.0,984.0,668.5,724.0,2376.5,VIP
AHE76XQSOLGOP5ZEKTIW6KUPDWBQ,1150,1,179.0,954.0,668.5,1032.5,2655.0,VIP
AHEBPCKZFBKQMB6FXQLRP72OG4ZQ,774,1,6299.0,621.5,668.5,185.5,1475.5,Medium
AHEGXONYVJHACY73DVEU4O5AH4SA,1028,1,3199.0,854.0,668.5,275.0,1797.5,High
AHEHBCTR33JSVI4LYVXGDRE7E6UQ,848,1,1049.0,692.0,668.5,592.5,1953.0,High
AHEIPXMFMVWHNPLGUXUIV5XNP2SA,724,1,11990.0,567.0,668.5,115.0,1350.5,Medium
AHEJW5MYVFOQBEXD6BIUBB3PJBPQ,976,1,1499.0,821.0,668.5,477.0,1966.5,High
AHEONKS6KOZ4SIOZNOLYFGQBXU4A,583,1,429.0,390.5,668.5,815.0,1874.0,High
AHESCOYXLCXB56F4JO45X4CZQCYA,628,1,149.0,442.5,668.5,1053.5,2164.5,VIP
AHEVO4Q5NM4YXMG2HDDXC5XMBGRQ,1083,2,1937.0,899.0,162.0,403.5,1464.5,Medium
AHEVOBT5PFXMIS5A7GAXRG52XARQ,473,2,18997.0,271.0,162.0,63.0,496.0,Low
AHEVOQADJSSRX7DS325HSFLMP7VQ,248,2,2148.0,15.0,162.0,375.0,552.0,Low
AHEXJDFOBBLZVPEDL32XHOAEZ2ZA,814,1,1189.0,657.0,668.5,568.0,1893.5,High
AHEXPGZ2QS4MXA5LDPULZPVLYBSA,1265,1,1490.0,1058.0,668.5,486.5,2213.0,VIP
AHF4A3ZGP7G6JLXAAJ77O2QDJSEQ,329,1,599.0,106.0,668.5,738.5,1513.0,Medium
AHFAAPSY2MJ5HYOU2VQDJ7AQY4NQ,457,3,4431.0,249.0,57.0,225.0,531.0,Low
AHFENRYJG4LPXDTUGEMG335VICSQ,881,1,2999.0,729.0,668.5,288.0,1685.5,Medium
AHFHIY2KE5PQIJ6H7PKV6N7OLIZA,914,2,1798.0,760.0,162.0,433.0,1355.0,Medium
AHFITGJEF76CXALJZLYP6OIC4EOA,817,1,349.0,659.0,668.5,877.0,2204.5,VIP
AHFQGP45QKIEFKYOCYUH4DP63XGQ,565,1,598.0,367.0,668.5,747.0,1782.5,High
AHFT6MCOAFZXAUNCYQYPBI7YYF4A,653,1,235.0,479.5,668.5,970.0,2118.0,VIP
AHFTFGF2YB5ZEUB3NC3KOBGZBG5Q,335,1,1499.0,114.5,668.5,477.0,1260.0,Medium
AHFVYKQ2L4PSG4EKGA4GLQKQT2NA,952,1,399.0,800.5,668.5,831.5,2300.5,VIP
AHFXY4LR6WSLCD65WDSXNI3FXMIQ,1232,1,3799.0,1027.0,668.5,239.5,1935.0,High
AHG274KYTUFW4U6M4Q3RXSY3PFLA,425,1,999.0,205.0,668.5,602.0,1475.5,Medium
AHGA46UDDADBRAB5FOHX6XY2DBVQ,454,1,2499.0,242.5,668.5,335.5,1246.5,Medium
AHGFA5MNVOFDMIL3322YZ6IOA5VA,864,1,7915.0,709.0,668.5,162.0,1539.5,Medium
AHGHFJXREBY4F2LI3M6SFLSWC75Q,760,1,160.0,603.0,668.5,1042.0,2313.5,VIP
AHGI6HOOKQ4KIORVS3SSRROYIXLQ,480,1,3180.0,282.0,668.5,280.0,1230.5,Medium
AHGJ2DNFP3OJWO73XW2R7TDXI7WA,635,3,7997.0,458.5,57.0,160.0,675.5,Low
AHGYEGAWBMQGOITR2ZFR7SFSWLGA,1041,1,669.0,868.0,668.5,706.0,2242.5,VIP
AHH2JUMVFGEUJXW5SFUOAIRZBVJQ,712,1,1099.0,546.0,668.5,580.0,1794.5,High
AHH2TIJJ2IGD5H3DJO3FROUHRRSQ,1221,1,1499.0,1018.5,668.5,477.0,2164.0,VIP
AHHE2EJE6HYXFVTGS6KJ37YP3K2A,1093,1,27900.0,910.0,668.5,36.0,1614.5,Medium
AHHGEASO3BOC2ET23MDU64DKQ5OQ,838,1,249.0,679.5,668.5,957.5,2305.5,VIP
AHHHCRWKGCWA2BR7WNSBRHPS24JA,527,1,1614.0,329.5,668.5,454.0,1452.0,Medium
AHHQEKUNVETALN7DTRHUQ2WAWEKQ,382,3,19217.0,169.0,57.0,60.0,286.0,Low
AHHT4VWMFYSASNW6RH2Q65C6YNDA,884,1,571.0,733.0,668.5,754.0,2155.5,VIP
AHI2QJ4CLTCQWACDIC2LDFJPDAPA,846,1,399.0,689.0,668.5,831.5,2189.0,VIP
AHICHCW6EC3BNV2IDAEAJPBG4HZQ,1091,1,20990.0,907.0,668.5,52.0,1627.5,Medium
AHIH3QL5XONYJWEXF7VKLFHZBDJA,550,3,8393.0,350.5,57.0,155.0,562.5,Low
AHIKJUDTVJ4T6DV6IUGFYZ5LXMPA,585,5,6265.0,392.0,8.5,187.0,587.5,Low
AHILALAA7Q6SQRTFJVLT75P37FXQ,524,1,1599.0,326.5,668.5,459.5,1454.5,Medium
AHIMDVA5GYWGVLVSZBG3ZFVKF5VA,619,1,449.0,435.5,668.5,809.5,1913.5,High
AHIWCPCQ2Z4HWEM7V4HGTLVZQM6Q,673,1,7390.0,506.0,668.5,167.0,1341.5,Medium
AHIWNZ2HBQAHVE4OWODM6WH4PMOQ,453,3,2835.0,239.5,57.0,300.0,596.5,Low
AHIWSTMUSIYZAZQAMOLMPJHR7NMA,957,1,209.0,808.5,668.5,991.5,2468.5,VIP
AHJ7INNUX3KZSEZRJKFMRJAX7TZA,551,1,20999.0,352.0,668.5,51.0,1071.5,Low
AHJ7V4RXBRFQB2OARDFFSNWHNIRQ,1147,1,999.0,949.5,668.5,602.0,2220.0,VIP
AHJB3PWCLPLMFBNCOPP5AM3TSXOQ,700,1,599.0,532.0,668.5,738.5,1939.0,High
AHJBBVKQXUKF5QSQASCVFPWQGSTA,260,1,1399.0,33.0,668.5,507.5,1209.0,Low
AHJCBBMUJWQGUJTT477TQ75ZTYNQ,935,1,549.0,777.5,668.5,761.5,2207.5,VIP
AHJF5BZJNDLXJXSW74ZPLHGO7GUA,833,2,8998.0,676.0,162.0,143.0,981.0,Low
AHJFTFOH2F6NXLGSEFSVCLQQLTZA,655,1,1599.0,483.5,668.5,459.5,1611.5,Medium
AHJFXFGDAXEHIG2ZLUWVMZ3LWPBA,871,1,37999.0,718.0,668.5,12.0,1398.5,Medium
AHJHV3JIPUMAT274GIFQKJPKXNMA,865,1,6800.0,710.5,668.5,177.0,1556.0,Medium
AHJK4PVBRGDX4N5LYA4EKHULJOPQ,844,1,399.0,686.0,668.5,831.5,2186.0,VIP
AHJSNMHQQWE6LMFRATH5LLJBQQXQ,700,2,1298.0,532.0,162.0,538.0,1232.0,Medium
AHK4GT7INMZPE5QFGOPVQPQWOCHA,644,1,260.0,472.0,668.5,946.0,2086.5,High
AHKEHV7YSGK2ZCMEUQYS6LJNURKA,572,1,249.0,374.0,668.5,957.5,2000.0,High
AHKL2U5BIK4ZODWORRJ5RWNLL2TQ,718,1,12999.0,555.0,668.5,105.0,1328.5,Medium
AHKTEC7ZVRWNAA66KB3V5REUQG6A,1251,1,1699.0,1045.0,668.5,440.0,2153.5,VIP
AHKU2XWNLBBW2KOKNZIHMUNHUIXQ,289,1,1656.0,71.0,668.5,449.0,1188.5,Low
AHKUUFNMBZIDLSSPA4FEHIO2EC7Q,476,1,59.0,277.0,668.5,1097.5,2043.0,High
AHKXH7KSF7CPJCJMHB6B35VPTETA,691,1,219.0,525.0,668.5,983.5,2177.0,VIP
AHKZN2KHHR7CQWCGJDX26C5TBHXQ,841,1,95.0,683.0,668.5,1087.0,2438.5,VIP
AHL2CPZ63TFC3VB3RUVZVPFC2YZA,605,2,5698.0,415.5,162.0,200.0,777.5,Low
AHLCFOXSW7PKG6NWJAYZXJJBHCPQ,869,1,14400.0,716.5,668.5,90.0,1475.0,Medium
AHLCHZOJ35AVEE6DYVVH6XR5D2MQ,823,1,6499.0,664.5,668.5,182.0,1515.0,Medium
AHLF25KDQCPPRDIZCBICU5XG7ECQ,789,1,2148.0,637.0,668.5,375.0,1680.5,Medium
AHLGDWS4WYSZUEJTU2Y67QSUHV6A,975,1,799.0,819.0,668.5,659.0,2146.5,VIP
AHLKQWAPXICPCSCIPIF6C6FOENOQ,1047,1,399.0,877.0,668.5,831.5,2377.0,VIP
AHLOFWN5NO7E32LEZUOVSNQE7IDQ,420,1,2599.0,201.5,668.5,323.5,1193.5,Low
AHLZWB73EYRXKYYJMEGIUMTZ7BYQ,1005,1,640.0,840.0,668.5,721.0,2229.5,VIP
AHM56NVJXROPTI5WICZITI4YAZAA,1199,1,249.0,1001.0,668.5,957.5,2627.0,VIP
AHM5MCT3ZO5Q2MBYZUDB6UI5AXLA,530,1,8999.0,332.0,668.5,141.0,1141.5,Low
AHMGAC6QM62UXNEOCZIHLHSXPP2Q,309,5,6496.0,92.0,8.5,184.0,284.5,Low
AHMHM5EFODDANIMBHGM2T74BEJHA,730,1,184.0,573.5,668.5,1028.0,2270.0,VIP
AHMJ5EEDULQII3FGSNR7PSHQABVA,553,1,139.0,353.5,668.5,1059.0,2081.0,High
AHMJ5HV6F5PZFFLBC4NQ7JCHYA6A,557,1,899.0,357.0,668.5,634.0,1659.5,Medium
AHMKSLALVS62JUHSHAI3FUXWDYYA,565,3,9552.0,367.0,57.0,133.0,557.0,Low
AHMKXORT3VNMB75C3EUBYMFYELFQ,640,2,638.0,467.0,162.0,722.0,1351.0,Medium
AHMURR4YBS77BA3QJ43PBIRDLLSA,886,1,629.0,735.5,668.5,725.0,2129.0,VIP
AHMY5CWJMMK5BJRBBSNLYT3ONILA,308,5,5520.0,90.5,8.5,203.0,302.0,Low
AHN73IF2MNKIJ2MEMND5ODN7XDFA,677,1,399.0,509.0,668.5,831.5,2009.0,High
AHNAIWL3HMBBFWPLJWSHF5XIGJLQ,548,1,67.0,346.5,668.5,1095.0,2110.0,High
AHNCIGFMABVRKLCNTAARDL6N25NA,558,1,368.0,359.5,668.5,862.5,1890.5,High
AHNI4LKKPLQLDFCWJZ24SX4BGT7Q,782,1,599.0,629.5,668.5,738.5,2036.5,High
AHNM2XVU745EDPNGUOAG74PTSNRA,717,1,6999.0,551.5,668.5,173.5,1393.5,Medium
AHNNGQDCQ6UGEBUXIL35RRKQKZZA,1083,1,1982.84,899.0,668.5,401.0,1968.5,High
AHNO42W4KBB6YAKX3VZKVCLI67DQ,1173,1,2695.0,980.0,668.5,317.0,1965.5,High
AHNOMOD65QU6QKFP3AMH5QPGQO6A,487,2,3298.0,288.5,162.0,267.0,717.5,Low
AHOEADKKYXTHETSA2WOA6N4MQEVA,1040,1,165.0,865.0,668.5,1041.0,2574.5,VIP
AHOJBIZVVIIFJKRREY4B6ESVA4KA,294,3,2201.0,76.0,57.0,366.0,499.0,Low
AHOMYGLSLJLCOT7Z24PZSVJY3LJQ,262,2,9689.0,37.0,162.0,132.0,331.0,Low
AHONIZU3ICIEHQIGQ6R2VFRSBXOQ,443,3,952.0,228.5,57.0,619.0,904.5,Low
AHOTORDSGF2IWSGTMZVAX56B77IQ,880,1,699.0,725.5,668.5,695.0,2089.0,High
AHOURK4XKLPPC4VHEDJ25NP64NPQ,706,2,17328.0,538.5,162.0,67.0,767.5,Low
AHP24JLRZ2DTLBEX22A6DVUJDSBA,455,1,197.0,245.5,668.5,1021.0,1935.0,High
AHP5XVXHFNOISFJBZ3NQX75EC5QA,1147,1,1199.0,949.5,668.5,558.0,2176.0,VIP
AHPAC3MT3XXV27WWU7U5AN7RLCXQ,1263,1,799.0,1056.0,668.5,659.0,2383.5,VIP
AHPAW24BI5X2GCX5M2LHI72VSJJQ,538,3,9197.0,339.0,57.0,138.0,534.0,Low
AHPDFQLNLMNV5X4QNH6J7IUMREAQ,311,2,4956.66,94.0,162.0,214.0,470.0,Low
AHPDJNXQO6ET2TFU5L52BHLTRY4Q,550,1,4999.0,350.5,668.5,211.0,1230.0,Medium
AHPG3AAPVL7HKSID4IPJ5MDAMAJA,1035,1,587.0,859.0,668.5,750.0,2277.5,VIP
AHPJLCH4PJJ5CD53KTXAAXRLV4ZQ,821,1,229.0,661.5,668.5,976.5,2306.5,VIP
AHPVTM2FDYB3YW3MXB523JWJTLQA,758,1,1399.0,601.5,668.5,507.5,1777.5,High
AHPYAYHRORO3DMJ7DSUHSGSBLDBQ,720,1,179.0,559.5,668.5,1032.5,2260.5,VIP
AHPZFIJWLON23LU5RFVBJO4BNM7Q,690,1,178.0,524.0,668.5,1036.0,2228.5,VIP
AHQC27SWWMUOTO3W7NGIG7KPX2AQ,898,1,970.0,743.5,668.5,616.0,2028.0,High
AHQCJNQP36RHELFJEJ67R6KZ76CQ,778,1,1474.0,626.0,668.5,489.0,1783.5,High
AHQKC4MLLVOPBTKJFDBGTXFRKLYQ,507,2,2438.0,307.5,162.0,346.0,815.5,Low
AHQNYNRXESALGWMUFS6ITFGOVGMQ,1159,1,249.0,967.5,668.5,957.5,2593.5,VIP
AHQPBXZSJ3XZILPJVXE4BN7ZL26A,706,2,578.0,538.5,162.0,752.0,1452.5,Medium
AHQVFZCGAMMHEBBOY4SXBSRF3ZDQ,1178,1,329.0,982.0,668.5,895.0,2545.5,VIP
AHQWAOSKNRUVK7GN5FZJL3UYLV2A,1198,1,90.0,999.5,668.5,1088.5,2756.5,VIP
AHR35WVPGLH745QHWRWEJ2WZTTDA,726,1,2599.0,570.0,668.5,323.5,1562.0,Medium
AHR4VQLVSWORK3A35U3QA6IOEEBA,320,1,2799.0,99.5,668.5,303.0,1071.0,Low
AHR735YWWYFTQI5VGEEYP3DZPB6Q,1075,1,173.0,894.5,668.5,1039.0,2602.0,VIP
AHRMZ6CNNUQLTLK7V4NXSXQSUOPQ,1115,1,3199.0,927.0,668.5,275.0,1870.5,High
AHRUMHBZ7IAQPLH4W5Y3A6HLQFVA,1033,1,2699.0,857.0,668.5,313.0,1838.5,High
AHS7DI2FACP3P3FNVH7263NLW2TA,1240,1,35999.0,1032.0,668.5,15.0,1715.5,Medium
AHSDVZ3ZSHUMFGDLVVGATDIWKHTA,255,1,8699.0,22.0,668.5,146.0,836.5,Low
AHSESHUAGEFQ62M3KYV3EK5K77FQ,1224,1,4098.0,1022.0,668.5,228.0,1918.5,High
AHSIQL276K7X2UP72QOOOWNVRSXA,1134,1,299.0,941.0,668.5,913.5,2523.0,VIP
AHSN2AJ6A7NQLUJMH7YBD6WG7L5Q,1202,1,849.0,1003.0,668.5,645.5,2317.0,VIP
AHSQNNZHM5HQAGN5EY2JJAA3EWGQ,634,2,4798.0,455.5,162.0,216.0,833.5,Low
AHSUJTBY4LOJ4QCAXODSHFIFYEHA,861,1,1745.0,707.5,668.5,436.0,1812.0,High
AHT4JDEYWRIQGCA2WAQJ6E2POHCQ,561,1,273.1,365.0,668.5,936.0,1969.5,High
AHTBS46SCEBGWK4SUH3FOQEORR3Q,475,1,199.0,274.0,668.5,1007.0,1949.5,High
AHTHJF5RGJRHAKXOHA6Q2ZFKXOWA,1038,1,778.0,864.0,668.5,672.0,2204.5,VIP
AHTI2CPD7SANQV7GK4FHIKCWJ7VA,345,1,449.0,131.5,668.5,809.5,1609.5,Medium
AHTJBJPYGGEWZQWQT7QJT2DPN7ZQ,598,1,1199.0,409.0,668.5,558.0,1635.5,Medium
AHTPQRIMGUD4BYR5YIHBH3CCGEFQ,1277,1,199.0,1067.0,668.5,1007.0,2742.5,VIP
AHTSVFP4GVBBXB6O7JU5FW3NXEJA,273,1,649.0,55.0,668.5,716.0,1439.5,Medium
AHTSXQI7JAQVYVVQE6DK4B2EJSPQ,1023,1,249.0,851.0,668.5,957.5,2477.0,VIP
AHTWP7R2AL6U4QIX73CNJ7Y7BBDQ,935,1,949.0,777.5,668.5,621.5,2067.5,High
AHU4FNYTFWSGG5TMN53LED2U7X2Q,1208,1,179.0,1006.0,668.5,1032.5,2707.0,VIP
AHUADIC4LFJHXZK3ZUCM5GZHP7NA,907,1,1299.0,754.5,668.5,533.0,1956.0,High
AHUAVHWF66PF66YDJXGRXJASHYUQ,476,1,308.0,277.0,668.5,902.0,1847.5,High
AHUELVJPFM3FEIMF2DE7OTNQD5VQ,1147,1,799.0,949.5,668.5,659.0,2277.0,VIP
AHUH7OYN3LAUATF5EGA575WCDI6A,233,1,199.0,1.5,668.5,1007.0,1677.0,Medium
AHUJ3IACIKHRFAYWD3TAKH3SXKZA,833,1,5799.0,676.0,668.5,198.0,1542.5,Medium
AHUJZOV34DFEN55QQ5XOYKVKHV6Q,630,2,2398.0,447.0,162.0,349.0,958.0,Low
AHUKYUWRUVRTB3IQGISXWTSPAWLQ,553,1,325.0,353.5,668.5,898.0,1920.0,High
AHUVYZMQ6PWI54UXP7SLLS4ZU46A,636,1,137.0,460.0,668.5,1062.0,2190.5,VIP
AHV3ELGDSOWBYUQLXSPDCSHBQRHQ,720,2,1683.0,559.5,162.0,445.0,1166.5,Low
AHV3TXIFCJPMS4D5JATCEUR266MQ,1246,3,25738.0,1037.5,57.0,40.0,1134.5,Low
AHVGMS3MGWLQZG2IR34ENSS4UX4Q,272,1,1110.0,53.0,668.5,575.0,1296.5,Medium
AHVKJVDTF5KCHA5NBPFC7QJAMHJQ,772,2,667.0,618.5,162.0,707.0,1487.5,Medium
AHVS66CFEP5AXDC35N4ME4SU4X5Q,784,1,59.0,633.5,668.5,1097.5,2399.5,VIP
AHVTFTBEBRRJCG72ZG7ABDNQSAOA,638,1,1299.0,462.0,668.5,533.0,1663.5,Medium
AHVZCQP5SYIVGZJK4LRP55ZXWETA,748,1,120.0,589.0,668.5,1069.5,2327.0,VIP
AHW3QBHDOUMXODZ4EAMHD5JMDIDQ,687,1,195.0,522.5,668.5,1022.0,2213.0,VIP
AHW52L6QGPO7TTN7LC3B5JVJNRDQ,1247,1,5599.0,1039.0,668.5,201.0,1908.5,High
AHW6E5LQ2BDYOIVLAJGDH45J5V5Q,383,2,1831.0,170.5,162.0,413.0,745.5,Low
AHW6UBYJXSPOMQVGP74VQ74BO55Q,766,1,329.0,611.0,668.5,895.0,2174.5,VIP
AHWB25RGISH5XJ2YQCR4J6FDBPOQ,1063,1,15490.0,887.0,668.5,84.0,1639.5,Medium
AHWBGFXMQMPMLIRTEOZC23QT2FWQ,1164,1,600.0,974.5,668.5,730.5,2373.5,VIP
AHWCWBYXHX4QO7ZOFUYIUFTTAJIQ,977,1,16499.0,823.0,668.5,71.5,1563.0,Medium
AHWDVB4OO4S3YS5RYQZIDBNV6BUQ,722,1,637.0,564.5,668.5,723.0,1956.0,High
AHWENSYYF2QDH3EX4REMVGBEMMLQ,787,1,799.0,636.0,668.5,659.0,1963.5,High
AHWKKP3N725TNVCGAS3RDM5MNAJQ,593,1,899.0,401.5,668.5,634.0,1704.0,Medium
AHWMHRT7TOMXLYI3XYM4K4OY3NEQ,1243,1,15490.0,1034.5,668.5,84.0,1787.0,High
AHWVEHR5DYLVFTO2KF3IZATFQSWQ,830,3,1023.0,672.0,57.0,595.0,1324.0,Medium
AHWVJOF4IVRKFY6RJRSBQ2L6ZXQA,976,1,721.0,821.0,668.5,684.0,2173.5,VIP
AHWY6IG3PXBBJMLVFMHHKM25BVCQ,495,3,1662.0,295.0,57.0,448.0,800.0,Low
AHX27HPT4SMOSCOOEJKZYKUIWN2A,920,1,2599.0,764.5,668.5,323.5,1756.5,High
AHX37NMZHULN3JJW4ULDOJ2RWYUA,899,1,2599.0,745.0,668.5,323.5,1737.0,Medium
AHX6DQRYIJWTTXZ22B35O624OAYQ,978,1,899.0,824.0,668.5,634.0,2126.5,VIP
AHXA44TFJADWFEA3DHLJWVUKZVDQ,1221,1,2464.0,1018.5,668.5,341.5,2028.5,High
AHXAYZML25KY3YMOTME234UUGWXQ,1043,1,218.0,872.5,668.5,986.0,2527.0,VIP
AHXCS37DGQHLE7RFQHFYPWGXZICQ,764,1,719.0,605.5,668.5,685.0,1959.0,High
AHXCZCBKCKFAOJJ2GOCQS3OKPQOQ,464,1,1519.0,260.0,668.5,467.5,1396.0,Medium
AHXNYKCNRYNZPT4HEFZT6JUXRDOA,468,1,2699.0,266.0,668.5,313.0,1247.5,Medium
AHXYETFF4XMSAI4VAHP24XL5SSTA,811,1,279.0,655.0,668.5,932.5,2256.0,VIP
AHY3QEA3CVS57POB64VVMQSPHHHA,933,1,1995.0,774.0,668.5,396.0,1838.5,High
AHY62YAUHMMGFKSBGCECVGKXY2UQ,1297,1,281.0,1082.0,668.5,929.0,2679.5,VIP
AHY6AK5LXBTGXDDXSU57ISMDW55Q,803,1,939.0,648.0,668.5,625.0,1941.5,High
AHY6R6FREC2FHKQYBVIBR3XJKPVA,1129,1,69.0,936.0,668.5,1094.0,2698.5,VIP
AHYDC5KBSNP2LD5ZV5SXO3CQSCDQ,764,1,8499.0,605.5,668.5,150.0,1424.0,Medium
AHYHIMJX4LAYXAK6QRQ62U7GPDVA,815,1,1130.0,658.0,668.5,574.0,1900.5,High
AHYITN5O5VRJ4GJVYGJW3W6TRM2A,258,2,5594.0,28.5,162.0,202.0,392.5,Low
AHYNWZDQUEHA3LHM2UGWGPEF5RZQ,1302,1,1199.0,1083.5,668.5,558.0,2310.0,VIP
AHYTRVWVQPG2TVM4E45YUD2753AA,920,1,3599.0,764.5,668.5,249.5,1682.5,Medium
AHYUM6XUA4K6V4QEAPT5MLQQIDPA,344,1,1075.0,128.5,668.5,588.0,1385.0,Medium
AHYUZ2BLKNN6UJLFYWCXCEFZTOVQ,418,2,15498.0,196.5,162.0,82.0,440.5,Low
AHYXZVXUY3QTBP7IBFIUBSZVH2XQ,520,2,27448.0,321.5,162.0,38.0,521.5,Low
AHZ4UBDUCUMY6IGCR67LB4P5RBXA,378,1,46999.0,166.5,668.5,8.0,843.0,Low
AHZ735URYHBXW26225HDL7K7OB7Q,261,1,8886.0,34.0,668.5,144.0,846.5,Low
AHZNT25EKPGFYYUQOSYG7E5M7WRQ,335,1,1199.0,114.5,668.5,558.0,1341.0,Medium
AHZWJCVEIEI76H2VGMUSN5D735IQ,578,1,1249.0,386.0,668.5,544.0,1598.5,Medium
